iso3,period,admin_level,service,admin_name,pop_total,pop_covered,pop_coverage_pct,area_coverage_pct,tiles,tests,devices,d_median_pop,d_mean_pop,d_median_tile,d_p10_pop,d_p90_pop,divide_ratio,u_median_pop,lat_median_pop,pct_above_bb,pct_above_hi,density
TZA,2026Q2,ADM2,fixed,Arusha,474925.8446872439,110250.01099395752,23.21415274137401,2.1049902057735546,70.0,446.0,109.0,25.677212559604687,39.85443024637454,26.057000000000002,11.11651185150213,60.682602706648,5.458780912328016,25.02521785820069,13.75708616655159,93.03249080061042,54.40367057919556,383.2368435208835
TZA,2026Q2,ADM2,fixed,Arusha Urban,726411.8645734787,504215.05184936523,69.41173133858724,28.961744944885076,207.0,2603.0,755.0,32.26069595516968,38.92957561196583,34.454,10.659857600713748,73.97645572577265,6.939722695809692,26.36018542696079,12.0,90.45574640593138,63.26082315992326,2727.568059843809
TZA,2026Q2,ADM2,fixed,Babati,405418.9785645965,430.11964213848114,0.10609262636429563,0.05344570222747893,8.0,32.0,9.0,13.719642885836524,12.758984414087063,11.665,9.767233460138856,22.22145924260367,2.2751027026528923,19.82115416921086,19.474717143866886,66.62088686995446,1.1038173006686258,72.78595215246911
TZA,2026Q2,ADM2,fixed,Babati UrbanBabati Urban,141612.88846123294,16017.289031982422,11.310615302057917,0.47374020363106883,6.0,38.0,13.0,14.859773531641341,16.8509497018914,13.141,11.802191698997797,33.73917526455463,2.8587211701890634,11.46670153129541,21.145299608380853,97.86367794823269,6.596718560836573,300.6307482777183
TZA,2026Q2,ADM2,fixed,Bagamoyo,604286.0366032441,45926.6452331543,7.600150003682501,0.10037690427489954,23.0,101.0,31.0,22.581189538661867,58.61203549044191,16.08,5.098877568097892,228.37064129886966,44.78841436156743,9.664940543552815,34.13788278734468,54.92693792409451,50.09574573731409,71.46005800616567
TZA,2026Q2,ADM2,fixed,Bariadi,734601.9552864778,14273.54757875204,1.9430315255811819,0.08845106078719134,13.0,21.0,17.0,4.001610337713814,23.410089953791513,13.792,1.538,55.346,35.98569570871261,18.512882124120377,41.95033877190223,45.204267319890874,44.88975070118211,133.94941073649989
TZA,2026Q2,ADM2,fixed,Biharamulo,508607.8928081034,3150.557647705078,0.6194472583408721,0.014994299427368933,3.0,5.0,4.0,83.57209181800536,81.80644481069389,61.154,33.810283484467504,102.823,3.041175329016009,84.01478700613747,35.91664394424032,100.0,100.0,68.13740573820824
TZA,2026Q2,ADM2,fixed,Bukoba,336575.88687359507,5084.989200592041,1.5108002084836716,0.1154518561329129,5.0,6.0,5.0,62.38766290776506,61.61616029468097,56.966,39.991285086538994,93.48762221987207,2.3376998767999044,17.26029067027562,68.12968122035407,91.11751504159893,91.11751504159893,207.9654819760618
TZA,2026Q2,ADM2,fixed,Bukoba Urban,153890.0900530815,39689.17395019531,25.790597650898295,5.855358376115199,13.0,34.0,18.0,55.72312466904768,61.52159547861775,37.737,20.389668360567683,110.71691761797298,5.430049947849688,47.10949980917052,41.29232012921688,100.0,72.65711876516478,1854.679440136113
TZA,2026Q2,ADM2,fixed,Bukombe,499312.7878641925,11141.599151611328,2.2313867023653553,0.0138726547679584,3.0,11.0,4.0,90.15871772077679,90.63543927409475,38.046,26.498786911959634,132.96,5.01758818023445,101.4481663716197,29.227761722866134,100.0,97.9578658807504,61.976868220675556
TZA,2026Q2,ADM2,fixed,Bunda,460879.1630100438,11117.15011715889,2.4121615836463013,0.09659426983156569,8.0,25.0,12.0,22.511392635211212,26.17918881574364,17.314999999999998,11.433325103028507,44.405,3.883822037758536,20.013516095637186,37.809431188722385,88.23367551693202,46.420050242523125,149.0206873435929
TZA,2026Q2,ADM2,fixed,Busega,255237.310424695,10183.920227050781,3.9899810141806977,0.1123913302105485,4.0,5.0,4.0,16.047496458056134,14.090995502026153,18.3645,10.408,19.475,1.8711568024596466,4.604184317396447,40.843067259235724,100.0,0.0,192.09544669749593
TZA,2026Q2,ADM2,fixed,Butiam,363277.81296065875,936.6921081542969,0.25784456818884677,0.034458871831597016,2.0,15.0,3.0,91.17237872571633,91.17237872571634,134.202,18.076,250.328,13.848639079442354,19.465680808302025,29.167441363125196,100.0,31.47287374305338,167.51008142767338
TZA,2026Q2,ADM2,fixed,Chake Chake,147102.60057163262,46967.73762130737,31.92855696554196,3.0539906528310214,18.0,96.0,29.0,30.84472128350088,36.87569030198486,32.804,15.05106563304297,65.52906093334235,4.35378215277199,21.096530239051635,8.0,99.82221151096982,78.8202043841371,673.072076406585
TZA,2026Q2,ADM2,fixed,Chamwino,545814.6520596929,4536.336761474609,0.831113042560553,0.012140847285184527,3.0,5.0,3.0,32.54026394459658,92.94155241102823,54.766,19.691,372.9015801476818,18.93766594625371,25.478001200686997,26.10544868219991,100.0,29.566422952068162,59.771994585287146
TZA,2026Q2,ADM2,fixed,Chato,686417.8555374278,23197.124851226807,3.379446595698581,0.13350300592433725,11.0,83.0,11.0,36.05035849261821,36.82429487020847,15.236,9.679335064564437,47.193591142054196,4.875705906165763,22.923315845960722,47.21631055648959,89.33280867188323,74.15524097748384,223.2857834405012
TZA,2026Q2,ADM2,fixed,Chemba,374101.15730763844,928.837212562561,0.24828504120310455,0.010170718842700646,2.0,2.0,2.0,54.405117823682815,54.4051178236828,36.9145,25.690717823682807,54.861,2.135440526672508,43.104018038602995,9.076206866461515,100.0,98.72988555897474,51.30444772800907
TZA,2026Q2,ADM2,fixed,Chunya,438184.78019607015,9925.890182495117,2.265229334997368,0.010443250663813318,5.0,40.0,10.0,11.909587453509612,21.688461330568618,14.993,11.13,20.79115692703857,1.8680284750259273,10.509167962171967,37.0,100.0,2.5683926791935128,25.027813196338798
TZA,2026Q2,ADM2,fixed,Dodoma Urban,938520.2868452276,394652.8655631542,42.05054180445615,3.21692793598092,227.0,2018.0,498.0,29.35551486941947,35.32268167619491,29.356,9.256991754860893,64.5872022028966,6.977126469728304,23.44947713677779,19.0,85.63694621014136,54.071573272188445,359.8409188335769
TZA,2026Q2,ADM2,fixed,Geita,1685851.8926006567,77307.40358543396,4.5856580832956055,0.22191063085896354,28.0,163.0,39.0,38.44424885706736,50.60364126706271,31.5625,12.317077195590471,114.1064676370118,9.264086424485678,18.31092152779386,40.96498193390298,92.30275110824148,74.5022628685176,358.2288583541686
TZA,2026Q2,ADM2,fixed,Hai,258848.10185750367,22941.06427001953,8.862751592688374,0.6191024474378541,15.0,84.0,38.0,18.240738158004028,23.934937749387316,22.033,7.328909694056189,43.26309007924064,5.903073156205949,11.382140300424432,41.876633622270425,80.8543746995292,17.081089188188322,286.6747477381798
TZA,2026Q2,ADM2,fixed,Handeni,417682.2127483917,9370.113037109375,2.243359365354122,0.0113374876629766,2.0,5.0,2.0,57.35809973488003,57.35809973488003,48.369,26.639,70.099,2.631442621720035,14.722829170169252,14.863276698168416,100.0,100.0,63.97004164317997
TZA,2026Q2,ADM2,fixed,Handeni Mji,122204.97167930943,20964.034423828125,17.154813045447934,0.17681777690770983,4.0,10.0,4.0,56.14946945963173,53.14697187252839,59.737500000000004,34.491,68.336,1.9812704763561508,31.768022649762088,9.39189463652869,100.0,100.0,145.77126587046462
TZA,2026Q2,ADM2,fixed,Igunga,615812.5299330961,179.56221771240234,0.029158584631577823,0.010527039477296904,2.0,5.0,2.0,136.58930402502526,136.58930402502526,135.2615,129.254,141.269,1.092956504247451,206.58642380104607,34.4636097544063,100.0,100.0,87.17119904190902
TZA,2026Q2,ADM2,fixed,Ikungi,474037.2775165812,596.7354125976562,0.1258836468987997,0.004187927880477588,1.0,5.0,2.0,27.565,27.565,27.565,27.565,27.565,1.0,4.47,29.0,100.0,100.0,53.49252983180748
TZA,2026Q2,ADM2,fixed,Ilala,1852849.6298356056,839591.2881469727,45.31351463321206,18.046650001370907,179.0,4627.0,1176.0,31.919783002034002,40.829462015989556,34.731,10.25425416569019,73.93048381278568,7.209737794500005,26.263142977374827,6.0,91.86769994064278,61.246794782732486,5067.975194368099
TZA,2026Q2,ADM2,fixed,Ilemela,560997.5594917536,273083.0802001953,48.678122672690435,11.42304484194078,78.0,496.0,139.0,31.499705831506052,43.50487482083626,33.46,13.2833360042154,72.89464940830696,5.487676392825884,32.240462858671584,26.0,96.05504071789285,57.168352096240746,2201.3227599066918
TZA,2026Q2,ADM2,fixed,Iringa,342296.55457681353,247.65444231033325,0.0723508428580335,0.007816746208689178,4.0,6.0,4.0,8.91327014332499,22.514398287374515,20.0295,7.262,76.63881213694157,10.553402938163257,18.034280827975163,28.816528438072723,29.588621257145515,15.352041346001839,18.22127460892334
TZA,2026Q2,ADM2,fixed,Iringa Urban,227531.24566437403,85924.24136352539,37.76371069943959,5.167248783092207,52.0,433.0,119.0,45.372242026169026,50.41326068736789,47.116,24.690700185166353,83.45820295136132,3.3801472751064883,43.41113281135689,16.0,99.0838407551032,90.36686259354482,615.9081633246013
TZA,2026Q2,ADM2,fixed,Itilima,471464.5863931053,103.36085510253906,0.021923355027212415,0.015907375036868034,2.0,2.0,2.0,9.194426543695858,9.19442654369586,8.4275,7.308826543695859,9.606,1.3143012688248212,3.688309514653173,37.17461750373532,0.0,0.0,100.51626865837505
TZA,2026Q2,ADM2,fixed,Kahama,879311.7919202364,4872.810501098633,0.5541618508785621,0.022054827279419393,4.0,5.0,5.0,8.769702562512283,8.932666926200381,30.786500000000004,2.911,33.04698725870969,11.35245182367217,3.769671792883191,19.77674595166268,18.9523913185556,18.9523913185556,130.1620354062384
TZA,2026Q2,ADM2,fixed,Kahama Township Authority,557989.69916944,118854.2622680664,21.300440213319234,0.9556680562778007,35.0,301.0,75.0,16.784836001758936,22.88365946291564,16.055,8.6575783629516,51.85755638605876,5.989845452392663,12.327551897910109,52.27237358771537,82.93592070485536,30.008355333646865,409.27673255314016
TZA,2026Q2,ADM2,fixed,Kalambo,362533.069786184,2905.347381591797,0.801402030249357,0.013151538030234868,2.0,5.0,2.0,9.03694932668888,9.03694932668888,19.103,3.907,33.35054932668888,8.5361016961067,5.237282111748353,100.9234609186365,16.879275226009742,16.879275226009742,65.10659744179924
TZA,2026Q2,ADM2,fixed,Kaliua,818716.7917125798,535.2136688232422,0.06537225988778,0.0048385919400527585,2.0,5.0,2.0,30.590358656631363,30.590358656631356,42.684999999999995,9.907,75.463,7.617139396386393,10.744880377541609,34.78608066202295,31.550672183524558,31.550672183524558,53.383359138058644
TZA,2026Q2,ADM2,fixed,Karagwe,420094.7073072026,11725.0625,2.79105218324634,0.021834671721705626,3.0,16.0,4.0,42.083986878995866,34.30799547543723,41.267,4.399,45.899,10.433962264150944,37.67560163487875,54.45790000983463,76.47416425019057,76.47416425019057,81.82676638299839
TZA,2026Q2,ADM2,fixed,Karatu,305845.255819252,27711.28096163273,9.060556093114455,0.5295417742346689,46.0,130.0,74.0,23.930896084157677,35.27845577190784,23.9285,14.955861167659249,58.22380004027275,3.8930422920865744,13.819637830099692,27.0,96.80641393819437,48.70256359175999,94.4824706069262
TZA,2026Q2,ADM2,fixed,Kaskazini A,164286.37019500489,43776.709381103516,26.646586280493853,4.6730299809230145,29.0,254.0,116.0,46.41117340959558,52.00675310983307,26.459,4.931625015716484,79.2872361127068,16.077304308423308,18.584389318315093,21.35581556611164,79.31112851455464,71.0054561085953,715.3433198669438
TZA,2026Q2,ADM2,fixed,Kaskazini B,108136.317121692,2234.2890586853027,2.0661782444198917,0.7897583209711181,5.0,18.0,7.0,1.9248785979978722,6.68503929622334,11.376,1.819,7.367701803227863,4.05041330578772,2.8032282381735296,48.38223369041512,5.438684215398084,4.092414735186928,461.814635135683
TZA,2026Q2,ADM2,fixed,Kasulu,595891.7724676782,270.8049621582031,0.04544532659626407,0.005167228917084582,1.0,2.0,1.0,106.949,106.949,106.949,106.949,106.949,1.0,119.717,30.0,100.0,100.0,82.79639309441717
TZA,2026Q2,ADM2,fixed,Kasulu Township Authority,256217.60267104272,26520.027404785156,10.350587597540738,0.28543146198690317,7.0,36.0,10.0,51.59865872226135,58.641052765701104,70.343,20.621777600374347,103.51202370359275,5.019549027709119,40.74534886058063,35.003036615146684,100.0,88.17999264628392,281.18536709029
TZA,2026Q2,ADM2,fixed,Kati,161434.48759494867,29155.70810198784,18.06039622409662,1.6097231316730183,22.0,101.0,38.0,47.01538847191374,54.53661034205581,41.1225,6.834104107047679,122.28654326703517,17.893573371369484,41.61960998774673,9.0,77.44630252054642,62.68660127858444,319.58733458815533
TZA,2026Q2,ADM2,fixed,Kibaha,149351.50146192184,8076.12760925293,5.407463286408267,0.12294682254999849,5.0,9.0,5.0,27.910336670286704,28.93819308435991,43.249,14.597,46.19574139663613,3.1647421659680846,18.82244536988821,10.876508564480908,100.0,52.37955458941933,99.5967092334009
TZA,2026Q2,ADM2,fixed,Kibaha Urban,329028.691647829,73874.97873687744,22.452442784518144,1.9860215251588285,38.0,203.0,54.0,44.728346408393136,58.849723972097564,46.8535,12.059905581348595,107.3273545449797,8.899518642249424,36.23703150746617,7.99194606483576,93.30650762260288,78.06289017692087,466.3456559510934
TZA,2026Q2,ADM2,fixed,Kibondo,401016.5545773487,17599.929931640625,4.388828772964265,0.011114432238082507,4.0,60.0,5.0,57.3519290996929,65.45051751034164,54.50749999999999,48.887378405968455,101.877,2.0839121123247275,53.638973885191604,39.07451008922709,100.0,100.0,29.91624140047463
TZA,2026Q2,ADM2,fixed,Kigoma  Urban,242956.90860378742,41247.28958129883,16.97720382529424,4.831960217174017,12.0,48.0,18.0,20.970452588899477,34.79078560002594,21.0315,6.677143264963972,86.09836464624702,12.89449113635449,20.226802131760508,35.736914260654615,70.42212257399414,33.0492224244567,2635.408580832189
TZA,2026Q2,ADM2,fixed,Kilindi,475266.9726182728,120.0843124389931,0.02526670678954226,0.011515019766187445,2.0,13.0,3.0,409.33899999990876,409.33899999990876,215.525,99.2365999999088,409.339,4.124879328799819,48.24799999999966,35.99999999999412,100.0,99.99999999997648,73.88187921222308
TZA,2026Q2,ADM2,fixed,Kilolo,285368.3764345492,7692.413887023926,2.695608386302125,0.01589194885017886,4.0,14.0,6.0,42.98146477937916,36.84532499231376,38.4045,8.74965264880219,46.193,5.279409578198939,5.284378536968858,32.69667956969461,82.87725591609339,82.87725591609339,30.875033458807906
TZA,2026Q2,ADM2,fixed,Kilombero,669944.1308030947,29696.32928085327,4.432657577767691,0.024367030152445228,9.0,24.0,13.0,23.936913226324133,25.380100442200895,31.246,3.1344860091670537,44.068411092562464,14.059214481634593,30.250292181281736,21.169594057347183,77.8253046214491,49.230798147199316,49.46749091618185
TZA,2026Q2,ADM2,fixed,Kilosa,676902.2697344801,4390.667404174805,0.648641258936401,0.018759424485686505,6.0,17.0,8.0,70.82245470972488,119.53800273374738,52.6075,7.356,251.33990402040635,34.16801305334507,51.85329127174201,12.128169362226322,62.78460375050802,62.78460375050802,57.49243285820748
TZA,2026Q2,ADM2,fixed,Kinondoni,2192035.86260435,1654565.2226257324,75.4807551670231,41.39842502688803,605.0,9420.0,2387.0,40.24056901526531,45.373558666262156,38.95,14.104253022701876,89.34341252840326,6.334501542520416,37.59478336974486,6.0,93.07216408027716,71.00880209383838,4067.2512484807717
TZA,2026Q2,ADM2,fixed,Kisarawe,187492.96142357355,2114.3045654296875,1.127671433304192,0.014654315495125561,2.0,3.0,2.0,4.759265980723406,4.759265980723406,6.4985,4.338,8.216065980723407,1.8939755603327355,2.8933106471721786,25.562682361007838,0.0,0.0,37.27098350223828
TZA,2026Q2,ADM2,fixed,Kiteto,392796.43539977074,5894.110800981522,1.5005509902305396,0.008474822925371925,3.0,124.0,7.0,18.03350573678837,18.03887714990784,34.719,17.987,31.42636749775636,1.7471711512623762,15.27519964856187,51.24880070699975,100.0,0.2777941719605101,29.912545358151487
TZA,2026Q2,ADM2,fixed,Kondoa,350620.26018855773,10178.920623779297,2.90311821065481,0.03204686212289386,5.0,13.0,6.0,17.9113021397596,22.401323209357397,19.101,11.26957582979134,31.61446633290314,2.8052933677707457,13.229104312636,10.0,100.0,9.176400895104125,60.54316704117195
TZA,2026Q2,ADM2,fixed,Korogwe,286062.5102486257,7.698546886465311,0.002691211399835046,0.03481075806542634,3.0,4.0,3.0,16.005466397746893,16.005466397763684,64.984,4.072,64.7350663977732,15.8976096261722,6.62825937495592,615.9046165435947,19.59132255998893,19.59132255998893,89.33302176519653
TZA,2026Q2,ADM2,fixed,Korogwe Township Authority,95088.05477267806,17239.984985351562,18.130547550442877,1.153933692596512,7.0,39.0,10.0,49.25474788455433,46.17196718264241,46.684,19.549797700661728,72.94510096528816,3.731245820657218,6.671894439790817,9.0,100.0,86.47377623998001,422.6039892453057
TZA,2026Q2,ADM2,fixed,Kusini,65136.320798968714,20193.354499816895,31.001681169773118,3.1167046364711197,32.0,256.0,82.0,28.66578607463391,48.15312617481365,24.753999999999998,9.570195401827986,134.018818513094,14.003770339683483,12.074025465107217,26.86307763687188,88.69303784952524,52.08827101156416,171.72816130841323
TZA,2026Q2,ADM2,fixed,Kwimba,522238.00235738495,3607.0941619873047,0.6906992876245819,0.022916471929602295,2.0,2.0,2.0,16.073640417015923,16.073640417015923,14.435500000000001,13.280840417015922,16.181,1.2183716912423919,4.647859530442675,32.15376623171595,100.0,0.0,160.43432215773714
TZA,2026Q2,ADM2,fixed,Kyerwa,456746.36685999925,2706.538589477539,0.5925692651009395,0.044748546752546074,3.0,17.0,3.0,171.65966506221352,168.2821853975634,84.539,59.9333935022415,195.084,3.2550134173981635,32.97073378714788,33.695189104005536,100.0,92.73342512229958,182.31047088875394
TZA,2026Q2,ADM2,fixed,Lindi,242886.04622575047,303.3151626586914,0.12487961633529787,0.012119175228980723,2.0,2.0,2.0,40.45232489587453,40.45232489587454,34.738,5.629,63.847,11.342511991472731,14.95646671766929,32.93538718876651,59.81539196790432,59.81539196790432,40.65081376512095
TZA,2026Q2,ADM2,fixed,Lindi Urban,116984.50999862631,22128.232849121094,18.91552381540166,0.23878188701600836,7.0,28.0,7.0,36.91892283408707,35.48529155552111,34.183,9.942,57.327,5.766143633071816,14.138285408563728,7.440405047257836,75.28243626191328,54.91688988869744,110.02219192705375
TZA,2026Q2,ADM2,fixed,Liwale,155666.58995463248,3971.207275390625,2.5510980079591867,0.001058117094122646,1.0,1.0,1.0,2.373,2.373,2.373,2.373,2.373,1.0,15.592,133.0,0.0,0.0,4.536484660854474
TZA,2026Q2,ADM2,fixed,Longido,190441.776578887,12340.258485794067,6.479806430855439,0.041652269049020946,9.0,45.0,15.0,12.709938899814823,25.17701216411527,42.857,1.936548379000259,78.33410988702447,40.45037590409405,10.204097305727345,61.818701616832314,52.81565839866762,27.56793410107012,23.61975166279121
TZA,2026Q2,ADM2,fixed,Lushoto,498052.0417746839,3279.7028408050537,0.6585060527246616,0.01815754082415792,2.0,2.0,2.0,20.29863626095785,20.298636260957853,150.03300000000002,11.918,241.2826362609579,20.245228751548744,1.714559589536334,761.0937972811672,100.0,3.033934134944739,121.77163104331397
TZA,2026Q2,ADM2,fixed,Mafia,66520.31637157027,1882.3560791015625,2.8297461313729584,0.057131571787713976,1.0,1.0,1.0,84.489,84.48899999999999,84.489,84.489,84.489,1.0,43.386,6.0,100.0,100.0,103.59943710046089
TZA,2026Q2,ADM2,fixed,Mafinga Township Authority,113292.89586325124,5320.270751953125,4.696032095759024,0.12784241116321018,2.0,4.0,2.0,33.93751727842578,33.93751727842578,33.3555,31.692,35.019,1.1049791745550928,14.513088468205215,19.7741883437136,100.0,100.0,197.76459421558332
TZA,2026Q2,ADM2,fixed,Magharibi,793637.8920414448,458381.45472478867,57.757002194755515,22.216534640675093,131.0,1524.0,395.0,36.26885409269911,40.902783865364384,34.271,8.33870385545328,79.63109697229257,9.549577290745976,27.81248757526822,11.0,85.80743603451612,64.35799395532614,3641.8656626638794
TZA,2026Q2,ADM2,fixed,Magu,502844.6403335541,30949.703033447266,6.15492351930355,0.36885562815569084,15.0,717.0,28.0,17.087497016067218,27.45477397699021,13.647,8.430411041190636,69.19287797820911,8.207533136893991,15.203830290223552,48.796822535528605,89.35735377634036,16.64763260317886,331.339906558071
TZA,2026Q2,ADM2,fixed,Makambako Township Authority,174149.95254751333,6143.7998046875,3.5278791149893007,0.08268298294248617,2.0,2.0,2.0,19.279559020932403,19.279559020932403,28.6245,3.671,53.578,14.594933260691912,12.26238767822171,37.87651740488497,31.27529008141624,31.27529008141624,197.1876526000168
TZA,2026Q2,ADM2,fixed,Makete,115584.3280221206,1550.1219482421875,1.3411177577167073,0.009114270198069239,1.0,1.0,1.0,17.556,17.556,17.556,17.556,17.556,1.0,3.9,44.0,100.0,0.0,28.921352478297
TZA,2026Q2,ADM2,fixed,Manyoni,587017.5229066192,3969.770751953125,0.6762610308967937,0.0012796675865305695,1.0,1.0,1.0,323.421,323.421,323.421,323.421,323.421,1.0,37.382,37.0,100.0,100.0,20.289300965711572
TZA,2026Q2,ADM2,fixed,Masasi,343895.5122668149,1287.6116943359375,0.37441945253909875,0.009024024748494586,1.0,1.0,1.0,19.126,19.126,19.126,19.126,19.126,1.0,0.675,27.0,100.0,0.0,85.87724295544135
TZA,2026Q2,ADM2,fixed,Masasi  Township Authority,153839.3954793083,11952.8701171875,7.769706894613471,0.14366195898451437,3.0,53.0,4.0,28.430607867322582,27.90613152355618,25.958,7.134,45.47,6.373703392206336,23.75702571006783,35.578494648538864,70.61111556382043,70.61111556382043,204.08256797394262
TZA,2026Q2,ADM2,fixed,Maswa,473674.9441798262,2283.63720703125,0.4821106193373591,0.010167931973104326,1.0,5.0,1.0,38.125,38.125,38.125,38.125,38.125,1.0,38.336,30.0,100.0,100.0,129.20222530528326
TZA,2026Q2,ADM2,fixed,Mbarali,509071.07785473514,6440.872349739075,1.2652206400884938,0.020271883653836333,8.0,12.0,9.0,15.037610748380242,72.61545014035308,20.566000000000003,5.947735881128345,243.078,40.86899701973412,53.50170554363454,47.727437450168765,41.39487642259543,40.06119648448366,35.255648523409505
TZA,2026Q2,ADM2,fixed,Mbeya,409758.5809714827,9996.805206298828,2.4396817224907754,0.07785011032251422,6.0,14.0,12.0,16.672076754146506,18.717269500658713,21.822499999999998,11.988104912466856,25.277060673479998,2.108511800492627,35.277560467440715,19.665216719003467,96.12745748562024,5.788405795895741,145.69482706949213
TZA,2026Q2,ADM2,fixed,Mbeya Urban,596093.6244316563,296446.5062561035,49.731534461343976,15.60057446155669,108.0,897.0,261.0,32.72185833644769,33.61226602031848,33.266,13.575435733247595,55.06762830349727,4.056417000938774,32.994924623749384,32.0,94.13820538357626,59.41022487948562,2359.3779784731687
TZA,2026Q2,ADM2,fixed,Mbinga,488845.3123772522,8.807518243789673,0.0018016984147723044,0.014943417449784942,2.0,3.0,2.0,12.506267433464707,12.506267433464707,13.7025,8.858,18.547,2.0938135019191693,9.150678044954919,24.0,37.65370454602855,0.0,100.99356457564991
TZA,2026Q2,ADM2,fixed,Mbogwe,447688.64385225234,116.46389770507812,0.02601448558152704,0.016330748651166918,1.0,10.0,2.0,34.205,34.205,34.205,34.205,34.205,1.0,27.672,31.0,100.0,100.0,196.3018788346683
TZA,2026Q2,ADM2,fixed,Mbozi,547832.9899426411,10283.07943725586,1.877046403929145,0.05672174188008353,6.0,38.0,6.0,62.842273442336655,82.85029754578572,84.186,44.319,214.3377910285589,4.836250615504838,36.85202804433314,27.36460966605857,100.0,100.0,141.98946751288713
TZA,2026Q2,ADM2,fixed,Mbulu,406196.62190607004,6039.628662109375,1.4868731881049455,0.0293926530352419,3.0,37.0,4.0,45.43149429900017,45.69336535239116,49.622,39.18,57.13306201842359,1.4582200617259722,6.053625258387892,19.694879363782977,100.0,100.0,106.91314569015042
TZA,2026Q2,ADM2,fixed,Meru,362223.85558397404,36687.39163303375,10.128375331295247,1.6784498014740017,57.0,221.0,77.0,27.176463507574123,31.506367339179604,21.245,8.428413001711464,63.10160766235171,7.486772141984306,16.161070259245616,12.0,84.34136943899414,50.05598894331542,286.24372684402636
TZA,2026Q2,ADM2,fixed,Micheweni,130108.38594872144,699.1195678710938,0.5373362852619139,0.16070806769627516,1.0,2.0,1.0,0.538,0.538,0.538,0.538,0.538,1.0,1.261,27.0,0.0,0.0,563.5228397544175
TZA,2026Q2,ADM2,fixed,Missenyi,266401.7067292992,5045.11572265625,1.8938000753061173,0.0264618299758715,2.0,15.0,4.0,39.599066990554086,39.59906699055408,35.573,12.714,58.432,4.595878559068743,12.389644770618085,34.88355857793695,100.0,58.806306029472154,94.29144021254443
TZA,2026Q2,ADM2,fixed,Misungwi,523711.36853170185,3466.1769409179688,0.6618487107957731,0.07234793970137948,5.0,56.0,9.0,37.6495423572967,41.17914378930401,39.311,18.124,81.56984433103477,4.50065351638903,28.674595696042502,61.458977754375354,100.0,72.64746444183689,203.11676461132532
TZA,2026Q2,ADM2,fixed,Mjini,199096.15307617188,174567.09741210938,87.67979426770844,76.51376685222097,32.0,1357.0,288.0,30.19620200752965,31.556645767944282,32.062,15.23027483506936,44.95762809550931,2.95185927912407,21.71690965185746,11.384503137164536,95.46991190111294,73.92116434138268,12879.842062144033
TZA,2026Q2,ADM2,fixed,Mkalama,281798.24292853614,419.39129638671875,0.14882679608938376,0.011912282841415508,1.0,1.0,1.0,27.559,27.559,27.559,27.559,27.559,1.0,13.36,48.0,100.0,100.0,90.28050009954497
TZA,2026Q2,ADM2,fixed,Mkinga,154754.19136826976,2436.646484375,1.574526972633971,0.013701089372699796,1.0,1.0,1.0,3.066,3.066,3.066,3.066,3.066,1.0,3.718,24.0,0.0,0.0,57.07075298081621
TZA,2026Q2,ADM2,fixed,Mkoani,141153.26407445967,12510.691101074219,8.863196457486602,0.43579329357312824,3.0,4.0,3.0,47.52497077443148,47.82981524132268,49.622,44.458,55.398444909951245,1.2460849545627615,36.858103952595336,10.593913782810125,100.0,100.0,553.1468804611472
TZA,2026Q2,ADM2,fixed,Mkuranga,698102.0629773441,41141.800872802734,5.8933790708677405,0.3125122606124713,24.0,219.0,39.0,29.56747940964415,39.07302027891903,27.535,1.6586315209187594,100.45167027019387,60.562981592530605,33.610083060968385,26.0,62.01392218474374,57.926293188316826,246.81567231237602
TZA,2026Q2,ADM2,fixed,Mlele,659163.5801509557,1759.9880962371826,0.2670032370165424,0.004985753424063447,4.0,5.0,4.0,25.368560135309323,25.36604123652562,20.504,10.14369330905195,37.252,3.6724296432303762,3.540163139999815,52.136525054835786,99.95461877560157,70.19393886259734,22.249819958165652
TZA,2026Q2,ADM2,fixed,Monduli,254692.92198955515,12566.20259475708,4.933864080947021,0.09072579368452441,17.0,40.0,22.0,32.102059555673534,51.697754816188414,22.488,16.1031895732759,127.247,7.901974911304105,8.612977036490873,48.340057109516046,99.20380610258867,58.8596889881319,36.48259412676041
TZA,2026Q2,ADM2,fixed,Morogoro,432217.5458423697,1750.094395160675,0.4049105391475562,0.01183210382052397,4.0,19.0,4.0,54.66321057529279,44.25255432479949,54.705,7.706,179.92476109112513,23.348658330018832,46.35134529323209,21.125645326932286,74.64583782067957,74.64583782067957,34.69262550331349
TZA,2026Q2,ADM2,fixed,Morogoro Urban,543807.3843040522,191712.01844787598,35.253662230648644,8.067114724757307,63.0,425.0,140.0,20.773500153570435,35.08818866634409,20.903,4.670168339339833,60.79395446823932,13.017508160494499,18.361704806543464,8.0,79.36851468859606,41.84115385342326,1888.794508852109
TZA,2026Q2,ADM2,fixed,Moshi,566023.1069068613,39672.54985046387,7.008998284056265,0.7198958297383884,26.0,59.0,35.0,15.235133181068926,19.3605021038671,12.27,2.90346797146835,46.36382294192629,15.968429270628064,17.804769392403152,23.379062096365193,70.77695602609126,25.430004824568382,420.54706172520787
TZA,2026Q2,ADM2,fixed,Moshi Urban,241235.9670419693,160060.6973876953,66.35026250453299,35.9692686628926,61.0,452.0,155.0,31.476381746756065,39.50802741585525,29.577,8.844934717486542,87.89108167031594,9.93688302713577,20.754178323663247,18.0,86.92977771783731,55.35233466728432,3817.133175063623
TZA,2026Q2,ADM2,fixed,Mpanda,463069.47773967,461.0168151855469,0.09955672687300779,0.00218393315407893,1.0,1.0,1.0,57.025,57.025,57.025,57.025,57.025,1.0,2.472,70.0,100.0,100.0,27.332105834512397
TZA,2026Q2,ADM2,fixed,Mpanda Urban,317132.3084450662,49398.15805053711,15.576513882404976,1.1597558174343434,10.0,41.0,16.0,26.783127015331956,28.37636445212622,31.9715,6.496704438383363,47.84372468691774,7.364306802115066,18.44299567049248,42.04897050204809,70.93028984502517,56.20301315076867,995.8547990008952
TZA,2026Q2,ADM2,fixed,Mpwapwa,447687.0616395367,879.4125366210938,0.1964346553595888,0.019791565764847058,4.0,9.0,4.0,15.603959205480265,15.114583664791704,17.174,7.687,22.708,2.954078314036685,16.68707359037198,22.912138435610377,62.17044070793942,0.0,60.04881733414483
TZA,2026Q2,ADM2,fixed,Mtwara,308691.22146399145,261.1719665527344,0.08460621760285458,0.009780450395323534,1.0,11.0,2.0,24.458,24.458,24.458,24.458,24.458,1.0,3.049,37.0,100.0,0.0,83.61266787742441
TZA,2026Q2,ADM2,fixed,Mtwara Urban,162512.8677161932,55905.71936035156,34.400795546838395,3.84004488128789,18.0,68.0,31.0,20.334472937718406,34.050279718240375,21.1405,9.074898065506348,88.18816660682965,9.717813464156972,19.921042113736302,21.755543855671874,87.31575767188068,29.15375631327447,957.6802588313259
TZA,2026Q2,ADM2,fixed,Mufindi,346160.33314162417,132.64163208007812,0.03831797562599716,0.0048689227845469555,1.0,1.0,1.0,83.238,83.238,83.238,83.238,83.238,1.0,51.661,34.0,100.0,100.0,46.065313857144076
TZA,2026Q2,ADM2,fixed,Muheza,255002.31429433587,10949.498168945312,4.293881880737317,0.07427320290361436,3.0,8.0,3.0,79.11772097811863,78.22415505888858,32.433,15.066435235858588,98.258,6.521648848039574,34.15615584586666,6.0,89.952845142899,89.952845142899,170.22122812244095
TZA,2026Q2,ADM2,fixed,Muleba,677146.0629039978,5206.328414916992,0.7688634255051584,0.053361293684424695,5.0,12.0,6.0,95.06775582099301,68.93030348689783,63.134,19.417472079256306,112.616,5.799725089874481,72.79369540381705,35.69057319236326,100.0,54.175941538245475,193.4467665228872
TZA,2026Q2,ADM2,fixed,Musoma,224094.2846065509,27.960306167646944,0.012477027790663068,0.06979360071425551,2.0,213.0,12.0,130.57899999989183,130.57899999989186,96.52600000000001,76.09419999989184,130.579,1.7160177779671197,144.1409999998481,34.999999999996824,100.0,100.0,209.34733673709457
TZA,2026Q2,ADM2,fixed,Musoma Urban,157547.65823364258,65362.044342041016,41.48715701321904,12.694972349162816,22.0,130.0,38.0,18.935353860548965,24.040727764170633,18.543,5.581804539156025,50.156799769077075,8.985767849309328,17.789601630435094,32.0,72.64003983214981,41.72477624067422,2432.970527203959
TZA,2026Q2,ADM2,fixed,Mvomero,469126.3655635862,3540.177734375,0.7546320126608101,0.005555796695118331,1.0,6.0,1.0,8.313,8.313,8.313,8.313,8.313,1.0,13.95,24.0,0.0,0.0,70.7287411998576
TZA,2026Q2,ADM2,fixed,Mwanga,156933.27397492563,783.4121608734131,0.4992008010988062,0.0947029470155874,5.0,41.0,5.0,155.5747082925211,170.28156330886446,53.523,30.101163411796442,282.15,9.373391856655855,44.25500294033248,30.142378053890482,100.0,98.35375165744598,79.81546038420217
TZA,2026Q2,ADM2,fixed,Nachingwea,257832.08717207963,4052.8082089424133,1.5718789128978854,0.04238892961094853,7.0,32.0,7.0,22.666238680734196,46.375859444112955,28.74,13.825,165.46746876648623,11.968713834827215,15.463295169091753,25.2901248193063,100.0,33.97390167863919,43.159187146250524
TZA,2026Q2,ADM2,fixed,Namtumbo,303027.1515233622,2793.5167236328125,0.9218701062229545,0.0033221269712366726,2.0,22.0,2.0,21.608029730792765,21.608029730792765,21.5715,20.774,22.369,1.076778665639742,3.280786204183978,59.118371618435525,100.0,0.0,13.922874404969095
TZA,2026Q2,ADM2,fixed,Nanyumbu,227167.76179290743,167.06109619140625,0.07354084702551407,0.006928171849725573,1.0,1.0,1.0,263.679,263.679,263.679,263.679,263.679,1.0,19.103,85.0,100.0,100.0,43.6540962651099
TZA,2026Q2,ADM2,fixed,Newala,256889.1656003862,3833.083984375,1.4921158607123592,0.018456208558875836,1.0,3.0,1.0,51.813,51.813,51.813,51.813,51.813,1.0,29.582,11.0,100.0,100.0,131.54018868521655
TZA,2026Q2,ADM2,fixed,Ngara,414610.2851885566,195.99375915527344,0.047271803463857474,0.011287394306200163,1.0,1.0,1.0,131.422,131.422,131.422,131.422,131.422,1.0,77.945,25.0,100.0,100.0,125.47237402810617
TZA,2026Q2,ADM2,fixed,Ngorongoro,322288.29670256877,1007.3961219787598,0.31257607933199594,0.03281015019243335,14.0,25.0,20.0,5.976045128066642,13.776011329035608,9.8515,0.18337758260601164,46.81451455023088,255.29028076900917,4.377383417766026,26.736454081125732,38.15737954266012,21.599938888874984,20.258949348352438
TZA,2026Q2,ADM2,fixed,Njombe Urban,200953.55043647406,15351.55403137207,7.639354466755262,0.10293902412462157,10.0,60.0,16.0,35.45253371821368,45.337708777663174,36.596000000000004,31.79082757094764,76.47095043297236,2.405440697078804,18.26264227474788,22.60659138712198,100.0,89.8776518587953,56.82422623390883
TZA,2026Q2,ADM2,fixed,Nkasi,481847.7864988593,7599.495910644531,1.5771569619242243,0.01870627350532033,5.0,34.0,6.0,25.601250250707295,27.64108748413714,17.989,2.843,49.011,17.239183960604997,23.36497353205778,39.98719991856122,64.76435441511548,50.31644109213562,49.04500346209906
TZA,2026Q2,ADM2,fixed,Nyamagana,712538.7504310608,263536.89807128906,36.985623295835985,13.668302017420592,67.0,1152.0,202.0,19.588666997436412,33.51824522067386,19.516,10.156522199337829,79.87836131847709,7.864735561123954,20.625185474401924,29.958124080654812,89.51905785452034,36.63468648899017,3895.257176950586
TZA,2026Q2,ADM2,fixed,Nyasa,209394.27708154058,269.45946502685547,0.12868520992191435,0.023484656929791858,2.0,6.0,2.0,25.925816971634003,25.925816971634003,27.258499999999998,23.587,30.93,1.3113155551787001,18.41617313918327,68.1261982676489,100.0,31.850973330164837,68.42113556737247
TZA,2026Q2,ADM2,fixed,Pangani,75587.17819206465,7554.833740234375,9.994861457902,0.0630767589849774,3.0,37.0,5.0,39.65200283548673,39.65200283548673,44.409,35.234,44.409,1.2604018845433387,6.489600089825045,9.592369026982706,100.0,100.0,42.8853307534895
TZA,2026Q2,ADM2,fixed,Rombo,280259.0093323737,6983.324787139893,2.4917396246334427,0.22836982883443036,9.0,19.0,12.0,36.613042670431774,35.2302352314294,47.765,7.836,55.52749439223049,7.086203980631762,20.76265435194673,37.57689602535938,78.50968280575155,78.50968280575155,190.79583859166377
TZA,2026Q2,ADM2,fixed,Rorya,382873.01816615893,7450.438278198242,1.9459293093787315,0.13056155915141598,7.0,12.0,7.0,7.350931841713523,7.934424338099817,7.201,2.8266300741124133,20.570427642721175,7.277368139225105,2.0739664659552526,45.26094145457573,17.54627042112352,0.0,191.06500590676876
TZA,2026Q2,ADM2,fixed,Ruangwa,201035.60079449386,4400.8331298828125,2.18908149227833,0.057638846776307956,4.0,8.0,4.0,17.798901990590483,19.55531359941473,20.455,8.407,40.487248396870605,4.815897275707221,10.591932177507232,23.83658763234216,54.00571264124711,14.150853116884468,79.94987493541456
TZA,2026Q2,ADM2,fixed,Rufiji,401297.043444842,24021.37084197998,5.985932673655918,0.03743259034948348,13.0,45.0,17.0,22.696377491806125,29.937385497321166,51.772,5.349403013971406,59.76795108912148,11.172826375769668,8.18293965496265,12.179242210275726,93.11141174807092,30.770465426335473,31.495401203327773
TZA,2026Q2,ADM2,fixed,Rungwe,391195.02619507146,6594.368953704834,1.6856985677564615,0.18605451101002032,11.0,38.0,16.0,18.340688042828084,38.11061369043932,27.213,14.352350687933683,27.80570463231403,1.9373624040339859,21.947055759168865,51.566286621076124,99.39744431492097,22.16682089709261,181.59206267660838
TZA,2026Q2,ADM2,fixed,Same,315132.8715632517,17090.71356201172,5.423335711451278,0.05980982275187755,10.0,20.0,14.0,18.4118191546703,18.794832162282074,18.736,1.65467501520532,40.74819931045946,24.626104181190666,6.26912191640173,37.821693815657255,58.51472560409077,30.602439096930105,50.66138725686046
TZA,2026Q2,ADM2,fixed,Sengerema,900268.2509781168,14304.80160522461,1.5889488038351718,0.09461724582954122,8.0,15.0,9.0,30.2149226397942,27.51046601407311,33.202,11.73060552735204,33.52227174046275,2.8576761585153876,10.541603609597136,20.978995772569768,82.24165244073748,82.24165244073748,285.4152181497973
TZA,2026Q2,ADM2,fixed,Serengeti,384937.13605467096,14760.841870069506,3.834611028012919,0.307848459774234,92.0,389.0,133.0,25.213092679419123,29.414722787729485,18.3155,16.966886962815,36.563094525658556,2.1549677678522308,17.905209229034114,48.0,94.96790018615259,47.27630825895984,34.498129039146264
TZA,2026Q2,ADM2,fixed,Shinyanga,518540.0338731994,2245.0753173828125,0.43296084597622586,0.020867310635120262,2.0,3.0,2.0,23.706111357068043,23.706111357068043,18.3295,4.75,31.909,6.717684210526316,22.667741549116535,263.12810705419315,69.79679427470836,69.79679427470836,145.26858783014578
TZA,2026Q2,ADM2,fixed,Shinyanga Urban,241548.4996572733,48826.46026611328,20.213936470477705,1.0748719461137424,16.0,66.0,23.0,37.85642643061147,37.3126238561521,37.7,4.960382068508689,65.43033865442385,13.190584465219453,14.490451407611266,31.19442438769392,87.13167639559212,68.30567554662566,435.74123045766277
TZA,2026Q2,ADM2,fixed,Siha,145846.69223922567,1866.8686122894287,1.2800212220290121,0.1836679547526647,6.0,18.0,9.0,19.153383816432907,20.329673898728075,26.8705,6.935,30.21952896975221,4.357538423900824,20.287268189153895,39.2664901265542,74.07231095506613,7.313124626120714,119.74681693751023
TZA,2026Q2,ADM2,fixed,Sikonge,412412.0220881197,1180.186279296875,0.2861667982716337,0.0014092807019894813,1.0,4.0,2.0,73.208,73.208,73.208,73.208,73.208,1.0,91.142,21.0,100.0,100.0,15.693080103403556
TZA,2026Q2,ADM2,fixed,Simanjiro,350160.7768434963,582.2045044898987,0.16626776697782855,0.01500865096156451,8.0,28.0,10.0,6.170059009955114,10.365614269644844,20.6715,3.933,27.714041583682977,7.046539939914309,7.412751581316669,84.44758928690666,15.035699433341573,7.729284122484575,17.669936489231684
TZA,2026Q2,ADM2,fixed,Singida,313836.36460617755,63.88370132446289,0.020355735832152003,0.015479982912037032,1.0,3.0,1.0,29.353,29.353,29.353,29.353,29.353,1.0,5.032,62.0,100.0,100.0,130.79493255286226
TZA,2026Q2,ADM2,fixed,Singida Urban,272333.515196003,83384.80126953125,30.618633629987777,1.9069263977708775,37.0,183.0,71.0,34.71307926503153,33.5584046782085,32.606,13.142343418945176,52.998775243834785,4.032673135556258,21.010027038046168,18.019236928952285,95.89458111368128,70.9317974593539,378.0100409391428
TZA,2026Q2,ADM2,fixed,Songea,268054.720010656,5213.217951774597,1.944833484583803,0.01546674556176775,6.0,19.0,7.0,32.572342545938355,27.094127688882107,34.3125,2.995,44.207830599869304,14.76054444069092,13.612893678545037,45.67441515942501,68.03900342272024,67.76881467358263,19.085241819522334
TZA,2026Q2,ADM2,fixed,Songea Urban,317794.361430645,30366.937744140625,9.555530692059765,0.5613868678979431,9.0,30.0,17.0,21.113816289090746,23.541171903877164,20.857,4.161890903149292,42.388981356215545,10.185029435572162,22.731811003713794,19.332945902640073,73.07549408469296,43.00643809160477,548.9519235763462
TZA,2026Q2,ADM2,fixed,Songwe,275988.9718002508,2444.3286476135254,0.8856617102014596,0.016392493347464,5.0,29.0,7.0,26.832096798092124,47.45104083381042,84.526,10.315,161.6437765659216,15.670749061165449,16.51292375369051,64.30297957962279,100.0,37.5976015484802,24.721501449129196
TZA,2026Q2,ADM2,fixed,Sumbawanga,585442.6496466845,3869.0252380371094,0.660871776316958,0.007128145710468453,1.0,4.0,1.0,8.453,8.453,8.453,8.453,8.453,1.0,2.574,58.0,0.0,0.0,113.63235047371717
TZA,2026Q2,ADM2,fixed,Sumbawanga Urban,344808.0205939894,52206.9079284668,15.14086239598826,0.5074642529844441,19.0,89.0,28.0,36.53478007413529,49.21013204707977,29.802,9.334531435211153,89.79816964154891,9.619997561186382,13.76825183911624,31.231151749899375,88.83130362644782,56.6228785670061,251.1360534029101
TZA,2026Q2,ADM2,fixed,Tabora Urban,347005.98383285437,52981.98399353027,15.26831998927448,0.5589410410529143,22.0,91.0,39.0,55.29471097570262,50.0565856532996,57.7065,9.578011998952451,81.25655124939878,8.483655194656869,27.10123491930495,24.4375984788277,92.72066112199452,66.02873392013069,237.59370600225913
TZA,2026Q2,ADM2,fixed,Tanga Urban,428226.10998775804,124528.72898864746,29.080134556066056,2.177792093757829,35.0,290.0,104.0,32.536242804667275,43.132537531859654,28.108,12.873176705104948,80.75799289902926,6.273353869756493,23.25378266182351,10.0,97.49313578351926,73.34579227013907,718.205647406479
TZA,2026Q2,ADM2,fixed,Tarime,625929.6185227373,48121.561279296875,7.688014731251902,0.26792528940866167,11.0,36.0,14.0,18.437278685057084,17.257583221097143,18.85,6.960226222549182,26.575866744405566,3.8182475532630256,12.25184055363206,39.27729232279397,69.11031614652458,15.02771745840301,407.9468244235955
TZA,2026Q2,ADM2,fixed,Temeke,1844157.5426870887,1017531.6230993271,55.175959729378654,15.235685003655172,301.0,4283.0,718.0,22.501056437888955,42.40779091429065,22.913,6.142226995029383,75.27431778792977,12.255215876724478,21.469114962868776,10.0,81.50542574424588,47.343646698545996,2532.722718270491
TZA,2026Q2,ADM2,fixed,Tunduma,249414.47940421104,14443.5830078125,5.790996193290227,0.41746650098562654,1.0,1.0,1.0,18.118,18.118,18.118,18.118,18.118,1.0,4.55,40.0,100.0,0.0,2859.0486987954205
TZA,2026Q2,ADM2,fixed,Tunduru,445956.8229846662,4902.079833984375,1.099227454616818,0.003916247567317056,2.0,7.0,2.0,26.95816523016005,26.95816523016005,31.479999999999997,24.505,38.11816523016005,1.5555260244913305,46.28934124431699,18.351708276725454,100.0,17.58541383627276,24.219406927138255
TZA,2026Q2,ADM2,fixed,Ulanga,552554.095188645,135.54373168945312,0.024530400348074112,0.0031108128608926433,2.0,2.0,2.0,213.191,213.191,263.903,213.191,213.191,1.0,15.757,83.0,100.0,100.0,23.54950223406535
TZA,2026Q2,ADM2,fixed,Uvinza,490515.93192710687,4120.979209899902,0.8401315720183989,0.014758950150373196,4.0,19.0,5.0,86.14303935678747,86.324894260596,83.7485,81.26884793917266,247.4549875246518,3.0448935083940722,105.16613724354949,34.06706936235989,100.0,100.0,48.7798224302397
TZA,2026Q2,ADM2,fixed,Wanging'ombe,205781.49803696125,0.27481600642204285,0.00013354748072282087,0.010587385158323774,1.0,1.0,1.0,136.314,136.314,136.314,136.314,136.314,1.0,100.711,16.0,100.0,100.0,59.85908823050395
TZA,2026Q2,ADM2,fixed,Wete,154787.72279024197,25758.974731445312,16.64148439366355,0.5036922966206856,4.0,11.0,5.0,28.666843738499914,29.014420324812747,26.6605,23.64285880965002,33.976,1.437051258206238,44.82926562401465,20.412170998597695,100.0,61.66381984934796,525.3973646934163
TZA,2026Q2,ADM2,mobile,Arusha,474925.8446872439,140786.4387512207,29.643878160375486,2.5559588541563647,85.0,356.0,131.0,33.73183728372863,50.29808864004138,33.305,6.526602946658126,122.88545883471191,18.828395083790724,19.376676899251994,35.0,83.9150286435506,63.56831794630492,383.2368435208835
TZA,2026Q2,ADM2,mobile,Arusha Urban,726411.8645734787,505921.86294555664,69.64669598873012,25.603710134180208,183.0,1362.0,501.0,33.65665177343343,47.16882784264237,34.627,5.105930004106853,91.22059386240777,17.865617779530133,18.474412202650747,34.0,84.36484426396859,65.71192237925906,2727.568059843809
TZA,2026Q2,ADM2,mobile,Babati,405418.9785645965,25363.183507680893,6.256042476718862,0.36060886896498723,54.0,132.0,70.0,35.137096368563796,39.64403237918367,15.920000000000002,8.953292655303619,82.81475702130388,9.249642585093797,15.13223974114832,30.0,88.0010612822963,69.86343617649835,72.78595215246911
TZA,2026Q2,ADM2,mobile,Babati UrbanBabati Urban,141612.88846123294,50793.94871330261,35.86816797908027,3.395038777824289,43.0,149.0,66.0,30.133455715142592,59.68017046380052,20.169,7.665548731772079,175.71999704883916,22.923342241699793,15.895784083224527,28.0,88.2916501522151,53.40760219629007,300.6307482777183
TZA,2026Q2,ADM2,mobile,Bagamoyo,604286.0366032441,135066.37471085787,22.35139760469732,0.3404542910943652,78.0,162.0,99.0,12.129767571373174,22.162163002519897,11.686499999999999,1.5512301009321317,46.711821957441956,30.112761433247652,10.876695710885379,23.411193750989884,59.23776420991659,29.168512338718696,71.46005800616567
TZA,2026Q2,ADM2,mobile,Bahi,359479.1162839733,5702.143094539642,1.586223743255002,0.08538298138256498,13.0,19.0,14.0,11.73559049994547,19.053904593351614,5.037,1.7139397313331084,52.62722908144432,30.705414034897643,3.4255876313644054,23.0,55.08069365533519,24.730614908787828,63.84726068881739
TZA,2026Q2,ADM2,mobile,Bariadi,734601.9552864778,36514.80822753906,4.970693035155226,0.08162854609689832,12.0,27.0,18.0,35.41872234229294,73.26874236337203,15.822,5.8904542051978295,248.0458926029231,42.109807488876406,11.008393443132348,44.10166351325464,82.64590047242746,56.47425190956463,133.94941073649989
TZA,2026Q2,ADM2,mobile,Biharamulo,508607.8928081034,35405.82438278198,6.961320279026916,0.12493596026351629,25.0,59.0,35.0,22.660724993821336,25.986018674201073,19.609,4.488756010076782,47.98101993855746,10.689157492820986,10.518905363487658,45.573889298282346,73.6809863484546,47.5128068507625,68.13740573820824
TZA,2026Q2,ADM2,mobile,Buhigwe,201527.14728548724,2777.6670112609863,1.3783091006226023,0.07403898258928902,3.0,6.0,3.0,6.8803901392486955,6.897478601514193,10.359,0.82,17.19281670799115,20.966849643891646,8.497497721624306,199.92235896623367,63.24941417429437,0.0,133.8190272287887
TZA,2026Q2,ADM2,mobile,Bukoba,336575.88687359507,7914.345428466797,2.351429718267108,0.3232874556390132,14.0,19.0,15.0,11.033507459256711,16.43863774788083,14.163499999999999,0.2385256674751224,42.67515886746656,178.91222910807895,1.3815876947714947,49.815682277280544,55.64293340620523,16.899688514112572,207.9654819760618
TZA,2026Q2,ADM2,mobile,Bukoba Urban,153890.0900530815,79490.34729003906,51.653974120504024,17.115836853255168,38.0,131.0,65.0,18.55820192624077,31.4878183588735,11.349,3.8911655833169383,97.59202409280394,25.080408942560027,8.51487821670367,51.0,64.72279071366196,35.064595181366236,1854.679440136113
TZA,2026Q2,ADM2,mobile,Bukombe,499312.7878641925,43633.50713348389,8.738712124743682,0.12024333145965511,26.0,62.0,36.0,15.428315489112437,19.058499494023224,17.695999999999998,1.5358497660597346,32.690012300053525,21.284641911246737,12.188367178041384,50.59858899135715,67.25373738406662,24.497140413226134,61.976868220675556
TZA,2026Q2,ADM2,mobile,Bunda,460879.1630100438,32394.638607025146,7.028878978917773,0.3622598697623356,30.0,87.0,42.0,19.332255245310215,24.84240242774644,22.2855,12.10899722512693,37.31212042741527,3.081355105936458,15.080640989733707,44.8538466571827,93.0369401294524,44.61401150253253,149.0206873435929
TZA,2026Q2,ADM2,mobile,Busega,255237.310424695,6922.953659057617,2.7123595870597295,0.1123912829107257,4.0,6.0,4.0,40.704653952507755,50.96362354721361,11.2635,9.100246474842068,102.052,11.214201756197058,16.986579737501625,66.80545929834692,82.1108774022902,43.42227701794268,192.09544669749593
TZA,2026Q2,ADM2,mobile,Butiam,363277.81296065875,5283.391799926758,1.4543667714986281,0.1205953506846837,7.0,9.0,8.0,18.672356587901618,29.889384122404355,15.851,9.066678029372557,80.04315018319173,8.82827755919893,4.421779547362613,47.09495764630407,91.81303365101847,38.696584648893875,167.51008142767338
TZA,2026Q2,ADM2,mobile,Chake Chake,147102.60057163262,57214.58080291748,38.89433672864026,4.241675913436818,25.0,73.0,40.0,22.19954514021104,43.8532333678821,19.494,3.1051793950974544,126.91316717719661,40.87144445746701,8.595287629435415,36.91178629408579,64.15006943332168,36.19431967420103,673.072076406585
TZA,2026Q2,ADM2,mobile,Chamwino,545814.6520596929,35949.95894432068,6.586477444066309,0.14974816226149887,37.0,78.0,48.0,13.385464154667583,25.258760544209125,11.673,2.6742485984057036,42.02493733381013,15.714671163654709,5.064790352503357,30.001593637696935,60.208694309035394,27.35445722145917,59.771994585287146
TZA,2026Q2,ADM2,mobile,Chato,686417.8555374278,48553.17894744873,7.073414328570202,0.24268682564728164,20.0,49.0,23.0,26.167546573501003,30.747684572558764,29.539499999999997,4.332621831153013,66.72062489344532,15.399595786020722,6.584400684392445,42.68742938563017,86.73075998490027,55.46149104515893,223.2857834405012
TZA,2026Q2,ADM2,mobile,Chemba,374101.15730763844,5477.394956827164,1.4641480919886278,0.06610237291001862,13.0,19.0,15.0,39.399422939815985,61.209672198999016,38.205,13.83108656072767,158.5689335358988,11.464676534245932,16.19685155467674,37.6875446860831,97.80842814716226,71.16569317054636,51.30444772800907
TZA,2026Q2,ADM2,mobile,Chunya,438184.78019607015,40852.72524487972,9.323173029104243,0.09406916528618021,45.0,100.0,55.0,10.935031956601456,31.14628516338992,9.61,1.6191394253799973,89.44331519195475,55.24126816377362,11.284528204130423,48.0,63.18363329106328,29.990611179982206,25.027813196338798
TZA,2026Q2,ADM2,mobile,Dodoma Urban,938520.2868452276,457024.6671938598,48.69630135861179,4.4072883951369075,311.0,1551.0,595.0,21.557127034271293,46.93140089065071,18.354,3.840717101598681,146.1098465759032,38.0423349887149,11.118575425509134,30.0,69.69832268475598,46.3492844746689,359.8409188335769
TZA,2026Q2,ADM2,mobile,Gairo,290277.993188334,20285.43305206299,6.988277970800799,0.056255006970206564,3.0,3.0,3.0,1.580479190708515,1.5865322355491924,2.706,0.563,4.236798054995298,7.525396190044936,2.1863152288127874,42.72687227420596,0.0,0.0,147.2355935545816
TZA,2026Q2,ADM2,mobile,Geita,1685851.8926006567,186482.82220768929,11.061637325685478,0.5547508080828789,70.0,175.0,111.0,20.781743128106964,51.96739570872559,21.0515,4.599527354913077,108.58336491030774,23.607504974249636,16.985501641563065,41.0,83.58571614655543,45.33871434410221,358.2288583541686
TZA,2026Q2,ADM2,mobile,Hai,258848.10185750367,36944.96072387695,14.272834322043906,1.4032859906209847,34.0,116.0,47.0,11.328612573106536,17.584053261613803,13.1875,1.4606855862794659,30.25621848156512,20.713710579311723,7.169299172412991,43.73746353177418,63.211869451802684,13.546241729495215,286.6747477381798
TZA,2026Q2,ADM2,mobile,Hanang,410815.9363504795,17717.171871185303,4.312678818786194,0.31356311201662207,31.0,59.0,38.0,36.23638148763382,43.53828811869278,29.959,9.414690606735688,89.88328979813606,9.547131557762457,9.700172807776623,28.0,88.18022094788253,68.03763633683131,111.80018106959471
TZA,2026Q2,ADM2,mobile,Handeni,417682.2127483917,42985.59512126446,10.291459346189257,0.23259120657822574,41.0,96.0,52.0,25.649524872109474,57.600020745059275,39.347,10.861446342894805,142.56731742896034,13.12599748948013,17.221288161737093,31.0,90.27690474375893,46.592534982895344,63.97004164317997
TZA,2026Q2,ADM2,mobile,Handeni Mji,122204.97167930943,37629.62786269188,30.79222338141826,1.0166796217506548,23.0,80.0,37.0,54.69589056321814,55.82456461742561,54.763,11.512774769007368,121.47486084072617,10.551310459728532,26.20966282396293,23.186183947757556,93.56581904168365,65.80423390223788,145.77126587046462
TZA,2026Q2,ADM2,mobile,Igunga,615812.5299330961,17745.891974449158,2.8817036211291653,0.07368775097802206,14.0,23.0,17.0,16.981051139697446,58.77935725876202,22.261000000000003,2.828083064027952,123.05513973940238,43.5118548336196,12.16759836786964,48.087968865007305,59.623529742892586,43.72789169421776,87.17119904190902
TZA,2026Q2,ADM2,mobile,Ikungi,474037.2775165812,22062.576808929443,4.654186043028594,0.20928991167145167,50.0,145.0,73.0,46.28134298285377,51.73806704151655,49.7435,9.24016888611608,97.66245315766503,10.56933637916606,32.97789383925781,39.94170494282297,85.50547015871187,81.78539723530223,53.49252983180748
TZA,2026Q2,ADM2,mobile,Ilala,1852849.6298356056,1375035.435333252,74.21192811287402,38.7096862734314,384.0,1566.0,858.0,18.324933504899953,31.00532584528365,17.9825,3.6364386176275776,71.62112469335165,19.695403174460143,11.609512287966703,19.0,71.51245403349198,35.43973588134167,5067.975194368099
TZA,2026Q2,ADM2,mobile,Ileje,113673.27490581285,668.9595260620117,0.5884932290516806,0.11613063549703344,6.0,6.0,6.0,46.99599487701215,52.31762212805628,41.769000000000005,7.262275107042947,89.801,12.36540872885841,19.459111422283925,32.0,85.71592964442372,85.71592964442372,60.44460359576508
TZA,2026Q2,ADM2,mobile,Ilemela,560997.5594917536,259159.58645629883,46.1962056824435,9.812078163675242,67.0,161.0,91.0,24.129024321557964,35.475391318570345,23.935,6.482695621034706,70.46377978463477,10.869518469446204,16.369704526279055,34.84247984334699,85.85870902495833,45.7473570253382,2201.3227599066918
TZA,2026Q2,ADM2,mobile,Iramba,355422.2024888799,27134.963634729385,7.634571910452993,0.41949601977150924,51.0,125.0,62.0,89.15709245318519,104.60169543277053,81.711,32.06987594644811,201.26803313540114,6.275921786273468,43.62309518835777,41.12935153252748,98.83771418312652,93.46372622243182,78.646641130853
TZA,2026Q2,ADM2,mobile,Iringa,342296.55457681353,10038.382058262825,2.9326564711331757,0.06449932671689647,33.0,68.0,35.0,22.509376349234998,32.89028919654152,17.161,4.977129530949071,81.54106371374455,16.38315081146698,4.68482234384478,38.053057745742436,78.98608108238355,40.2835014049295,18.22127460892334
TZA,2026Q2,ADM2,mobile,Iringa Urban,227531.24566437403,103731.32121276855,45.58992366515682,5.763426230515156,58.0,219.0,101.0,25.51973599618014,45.480515468049965,30.2455,6.689016198602893,111.63767910705403,16.68970081584962,9.83118742938289,35.0,80.48609113584047,51.77126880378695,615.9081633246013
TZA,2026Q2,ADM2,mobile,Itilima,471464.5863931053,2413.129592895508,0.5118368722785576,0.03975273728509848,5.0,12.0,6.0,85.99801982495583,91.39856971909168,86.069,53.368,163.33629318136084,3.0605661291665576,55.16794443299757,44.45849444690508,100.0,100.0,100.51626865837505
TZA,2026Q2,ADM2,mobile,Kahama,879311.7919202364,26042.484909057617,2.961689488115038,0.13784519747579846,25.0,136.0,37.0,30.03748315979035,42.379244712395,21.172,9.686230357780172,106.8532284091444,11.03145645543292,12.424781968478243,44.96621602338606,90.92009306872417,57.6944600232681,130.1620354062384
TZA,2026Q2,ADM2,mobile,Kahama Township Authority,557989.69916944,140688.83371543884,25.213518085522413,1.3106257226422093,48.0,144.0,63.0,18.386141616491766,24.599053126416464,16.240000000000002,3.42323226883865,46.58506180082897,13.608501598003807,9.143613339118897,44.0,72.77801393555146,38.20020538381847,409.27673255314016
TZA,2026Q2,ADM2,mobile,Kakonko,184008.13203199318,4928.701808929443,2.6785239078849505,0.168713723123437,10.0,11.0,10.0,3.383356814749367,10.602256253875456,15.372499999999999,2.7035692869608376,48.888125134035946,18.08280829709844,23.621720290175716,185.46994646107424,15.075531082624796,13.359951510770603,83.291070306825
TZA,2026Q2,ADM2,mobile,Kalambo,362533.069786184,5418.468040466309,1.494613455170319,0.03941914944646047,6.0,13.0,7.0,45.69138676356935,43.910755726879295,26.9795,26.21118557794355,52.03328432184388,1.9851556949651818,26.606351226979655,56.26325990142304,100.0,93.41795248419416,65.10659744179924
TZA,2026Q2,ADM2,mobile,Kaliua,818716.7917125798,12804.273307800293,1.5639441425180132,0.03145140950626412,13.0,21.0,13.0,28.52454031015295,40.015722210950976,22.047,10.453259345360651,103.10729892312702,9.863650706120472,20.37016161457638,45.144915929168064,91.72604285741394,64.32997850859617,53.383359138058644
TZA,2026Q2,ADM2,mobile,Karagwe,420094.7073072026,28092.68859386444,6.687227452575617,0.1892335564497264,26.0,58.0,30.0,11.59052956767509,22.211588722596897,14.0095,4.867125450528958,47.27323842122991,9.712763499057184,11.4320096157211,44.0,68.07327546398352,39.363448174705894,81.82676638299839
TZA,2026Q2,ADM2,mobile,Karatu,305845.255819252,39879.73474276066,13.039186969219731,0.6675890016888345,58.0,159.0,79.0,8.67608711708911,26.441822441688128,23.951999999999998,1.282888654069542,75.0120385837429,58.47119962109877,11.3916729264326,55.695374498655866,48.28999737825714,35.24118561045767,94.4824706069262
TZA,2026Q2,ADM2,mobile,Kaskazini A,164286.37019500489,41302.962142944336,25.140833103755647,5.317558830194624,33.0,80.0,52.0,77.04743635095042,100.5451812399891,24.397,15.267654687918013,232.953,15.257942674348424,19.60215877994636,22.2985342941893,93.65906371660444,63.174353404484876,715.3433198669438
TZA,2026Q2,ADM2,mobile,Kaskazini B,108136.317121692,29494.269607543945,27.27508240765436,4.106836012074682,26.0,56.0,34.0,14.619254468616795,38.81745424333323,32.385999999999996,4.943762991384045,115.85454119420717,23.434485309291254,9.727381435519224,20.0,54.82578516982129,42.299093440332996,461.814635135683
TZA,2026Q2,ADM2,mobile,Kasulu,595891.7724676782,14786.641174316406,2.481430665350972,0.031002562138868362,6.0,9.0,8.0,10.018010536873971,10.453302836225635,9.633,0.6021615186175269,23.229,38.57602865976943,9.291810869351758,135.16237148489188,53.76471663725616,0.0,82.79639309441717
TZA,2026Q2,ADM2,mobile,Kasulu Township Authority,256217.60267104272,43319.19091796875,16.907187666409545,0.733983598281334,18.0,164.0,35.0,10.020790746513795,13.927236841148456,13.225999999999999,4.620664202129071,28.732956861672605,6.218360738794495,4.989164321629416,348.05128760509297,51.145943592941464,16.737992528954454,281.18536709029
TZA,2026Q2,ADM2,mobile,Kati,161434.48759494867,34787.98320770264,21.549288337315083,2.561055114447373,35.0,57.0,44.0,38.04263446394756,58.424765845211034,23.348,4.14558349813104,161.53892603680868,38.966511254600356,10.996538759419783,21.814706590399496,79.26480735565443,60.26813612482741,319.58733458815533
TZA,2026Q2,ADM2,mobile,Kibaha,149351.50146192184,46193.40827906132,30.929322990996937,0.5656174829970838,23.0,98.0,33.0,8.853467512828102,23.278536047486497,7.401,0.701817373829821,92.33518240630451,131.56582588206808,4.762848683308078,23.144531269277277,42.80648542450608,17.68007779183291,99.5967092334009
TZA,2026Q2,ADM2,mobile,Kibaha Urban,329028.691647829,106458.82699584961,32.35548439945664,2.770164814872553,53.0,139.0,74.0,11.395944988777806,19.486994589835557,10.333,1.5796562553868347,49.5692731799968,31.379784691105478,8.768654749677667,24.0,54.81155813897929,24.75458385349828,466.3456559510934
TZA,2026Q2,ADM2,mobile,Kibondo,401016.5545773487,11023.549140930176,2.748901264823953,0.019446496447949352,7.0,14.0,7.0,5.958330651125651,8.64687341325228,9.804,1.15026120966868,17.723157361623812,15.407941442038867,2.070643002901153,67.1832958744754,9.165802993779893,8.345114755392746,29.91624140047463
TZA,2026Q2,ADM2,mobile,Kigoma,223484.4985007819,2.508023500442505,0.0011222360017214932,0.03837793923868252,1.0,2.0,1.0,45.423,45.423,45.423,45.423,45.423,1.0,17.587,45.0,100.0,100.0,230.9887143256736
TZA,2026Q2,ADM2,mobile,Kigoma  Urban,242956.90860378742,78736.32922363281,32.40752842802899,8.456285223084379,21.0,52.0,27.0,14.872321762523788,22.55581718388864,14.314,3.381606507378188,66.97027682863202,19.804278434676636,12.135663431461568,49.55231289006925,68.01882842977226,26.694304814438357,2635.408580832189
TZA,2026Q2,ADM2,mobile,Kilindi,475266.9726182728,28453.208569824696,5.98678431473459,0.16696344114297618,29.0,67.0,34.0,22.594087077416606,34.00409308513874,44.904,6.71665309347106,72.28899415099454,10.76265115154797,14.268634279833233,28.07773730488179,74.30996592488755,43.348868999438444,73.88187921222308
TZA,2026Q2,ADM2,mobile,Kilolo,285368.3764345492,6334.837275505066,2.2198806169954137,0.06355508508441293,16.0,21.0,16.0,20.419981225767195,50.027587021335506,30.852999999999998,14.917854796123134,147.09900011430508,9.86060007451831,12.682255342693933,28.0,94.88728000704361,34.21624512065809,30.875033458807906
TZA,2026Q2,ADM2,mobile,Kilombero,669944.1308030947,122858.13678741455,18.338564536738087,0.1542486005651599,57.0,157.0,77.0,22.01350910748682,39.14134887659595,17.094,3.189262614263771,68.28953574613779,21.412327552054588,11.922337269158431,33.0,81.78191562770779,41.996029699420625,49.46749091618185
TZA,2026Q2,ADM2,mobile,Kilosa,676902.2697344801,41476.90368652344,6.127458207932005,0.043792944494798106,14.0,51.0,17.0,17.680842326710643,26.691238101699188,17.1405,5.049396565051561,55.74726001258038,11.040380626553368,17.135304617313547,30.62566271748793,64.48061211342187,45.48826856341738,57.49243285820748
TZA,2026Q2,ADM2,mobile,Kilwa,281956.8372510467,2254.585874557495,0.799620926571138,0.017009147739152596,7.0,12.0,7.0,49.41603492610422,29.412609371212973,13.908,6.332,49.795,7.864024005053696,12.360094527940614,38.74473358712083,58.19001985720652,50.87418172792145,18.796961950860503
TZA,2026Q2,ADM2,mobile,Kinondoni,2192035.86260435,1574862.6213760376,71.84474707931781,36.332772185178705,531.0,2085.0,1176.0,30.289779346496996,53.43423595279352,28.303,5.745023153951104,119.64070793478899,20.82510456942316,11.668402202230899,19.0,82.20667700298337,57.358574555900375,4067.2512484807717
TZA,2026Q2,ADM2,mobile,Kisarawe,187492.96142357355,15660.22087097168,8.352431340392021,0.1391503636141541,19.0,32.0,20.0,4.881400289651049,28.690735518914554,2.497,0.2143516972729957,113.047182047775,527.3911216284865,4.12139710953858,21.0,42.67549139367473,26.082442620174433,37.27098350223828
TZA,2026Q2,ADM2,mobile,Kishapu,368790.96103953593,7188.495866775513,1.949206088596319,0.14240182370776747,16.0,17.0,16.0,50.54631224759781,49.04422926935707,21.722,10.810005301818139,76.367,7.064473870993922,24.16359636290297,39.30341651892121,97.32655694334935,59.999581062313226,88.16431496392643
TZA,2026Q2,ADM2,mobile,Kiteto,392796.43539977074,16756.450744628906,4.265937578474952,0.03103923412326599,11.0,71.0,11.0,27.375004854254993,28.591382014164914,26.427,2.7133646816256842,53.8804170102012,19.857418125572163,8.743873549701663,37.10642726542593,69.70556782096318,62.806182323476904,29.912545358151487
TZA,2026Q2,ADM2,mobile,Kondoa,350620.26018855773,14623.41907596628,4.170728487880891,0.09618122324291097,15.0,75.0,17.0,46.4484886763096,52.4442250787875,31.883,4.94959284548579,93.572,18.90498934378837,13.428585195701034,33.41483187089397,86.2089577130164,61.30091958325553,60.54316704117195
TZA,2026Q2,ADM2,mobile,Kongwa,495463.2665972709,30088.038017749786,6.0727081190877366,0.13080365677749037,14.0,26.0,17.0,26.860558455904712,38.03772902301759,36.963499999999996,9.25786898591156,95.69687376658024,10.336814434532377,15.900288954173813,25.523441806393258,90.87733934833742,45.973991483039995,125.18362152532283
TZA,2026Q2,ADM2,mobile,Korogwe,286062.5102486257,49980.10856437683,17.471743683203222,0.625849515575075,54.0,130.0,70.0,101.51731145173989,94.15700713244365,68.768,16.56653846696253,144.57602531454307,8.72699059027091,31.961986427737816,25.0,92.62069259342599,86.52317948893456,89.33302176519653
TZA,2026Q2,ADM2,mobile,Korogwe Township Authority,95088.05477267806,40084.47158241272,42.15510736678811,4.450758491493702,27.0,119.0,55.0,29.203071623325574,39.1529898468342,28.223,6.280956238886668,74.15335154362977,11.806060848590441,19.37875154076883,32.749720860094044,75.09665830499682,53.94261625358522,422.6039892453057
TZA,2026Q2,ADM2,mobile,Kusini,65136.320798968714,20144.533401489258,30.926728980689067,3.6038009639810142,37.0,274.0,70.0,54.40824449471742,65.39361548014585,21.345,7.159271752583216,144.09029501301848,20.12638994476326,13.208847983196938,25.976736078586473,85.98982623393756,69.04097799049086,171.72816130841323
TZA,2026Q2,ADM2,mobile,Kwimba,522238.00235738495,13955.83251953125,2.67231271116513,0.22911423043524176,20.0,50.0,21.0,33.03052140642668,43.16284994325119,26.8345,13.014536094761118,92.6513625746155,7.119067625615289,15.563828551161606,39.946425088156744,95.66419665790168,59.99128706419942,160.43432215773714
TZA,2026Q2,ADM2,mobile,Kyela,285106.0113792586,25305.62417602539,8.875864824317194,0.673821351600178,14.0,22.0,16.0,1.4995615639877289,8.246983381716921,17.032,0.15990429658726327,18.502411399932456,115.70928233210597,8.252553194444328,120.11046446232996,40.64277343913393,2.5393698010606767,377.4356177285524
TZA,2026Q2,ADM2,mobile,Kyerwa,456746.36685999925,11695.508951187134,2.560613460724475,0.4027496531633821,27.0,49.0,28.0,17.60373018793068,22.65480347091431,18.54,5.965758010025031,53.89409040801305,9.03390488139946,5.059595805068461,46.0,72.8019548184465,28.67081302779233,182.31047088875394
TZA,2026Q2,ADM2,mobile,Lindi,242886.04622575047,13336.670863628387,5.490916860342243,0.20636576972294632,34.0,50.0,35.0,18.091155649946273,18.039316357289085,11.673,3.6705792238416635,38.54801293532195,10.501888280993763,4.912802755578246,40.1342165190055,69.12362704188885,19.871496882763186,40.65081376512095
TZA,2026Q2,ADM2,mobile,Lindi Urban,116984.50999862631,23724.15502357483,20.279740474917073,0.34111157763126404,10.0,20.0,11.0,34.944137538547125,47.654554913348036,19.819499999999998,9.54739876071903,90.093,9.436392284217838,8.880594011865565,30.0,96.90479750816917,65.59021314530163,110.02219192705375
TZA,2026Q2,ADM2,mobile,Liwale,155666.58995463248,6261.35400390625,4.02228506819033,0.0021162686911376793,2.0,4.0,2.0,41.34526805070445,41.345268050704455,43.585,19.152,68.018,3.551482873851295,14.809662556880067,28.81666336927143,100.0,45.416584231785805,4.536484660854474
TZA,2026Q2,ADM2,mobile,Longido,190441.776578887,18343.308276057327,9.631977082748412,0.14345558180483411,31.0,89.0,39.0,31.662797162240157,36.24769129428325,35.827,25.2056507191239,49.59522677817742,1.9676233448934048,8.299140113525002,78.3363683741197,95.40337918137602,92.45486261135918,23.61975166279121
TZA,2026Q2,ADM2,mobile,Ludewa,157978.61589459333,10426.334524035454,6.599839139616291,0.12798590627753614,21.0,51.0,26.0,14.028921739438612,26.70013336077771,29.409,4.243754072394189,70.85719906602317,16.696820281588046,6.544189465204525,45.428464044665276,87.45864254766079,37.87383748132305,26.539346469752477
TZA,2026Q2,ADM2,mobile,Lushoto,498052.0417746839,42100.49226292968,8.453030754158762,0.6447523025306813,71.0,202.0,93.0,39.8080648441763,46.54760027364719,40.133,14.791564807700695,86.98293612098196,5.8805770215533535,32.94488192689477,28.0,93.70186176332528,76.93361260029691,121.77163104331397
TZA,2026Q2,ADM2,mobile,Mafia,66520.31637157027,6905.711273193359,10.381356628882108,0.22856813653570554,4.0,10.0,5.0,10.222895967585973,8.7827589731209,5.502000000000001,0.9279496628879879,10.375,11.180563359127335,15.533051296936126,19.510121121741516,84.64825498287796,0.0,103.59943710046089
TZA,2026Q2,ADM2,mobile,Mafinga Township Authority,113292.89586325124,25322.235862731934,22.351124198728947,0.8948012655498122,14.0,38.0,18.0,16.16144501144959,43.715687411176,16.1815,1.657395818416877,105.2798753334611,63.52126279286928,6.847786378278436,34.80733637490034,58.705689027819155,44.02620397651783,197.76459421558332
TZA,2026Q2,ADM2,mobile,Magharibi,793637.8920414448,526024.0165381432,66.28010353501034,27.475879839945822,162.0,588.0,304.0,14.286192291731075,31.859604689889487,14.123999999999999,1.7450244533834003,79.83175010489438,45.74821284028992,10.171286495945708,25.0,59.16791676828237,34.51297751886918,3641.8656626638794
TZA,2026Q2,ADM2,mobile,Magu,502844.6403335541,48125.06401062012,9.57056318203911,0.6393371973520965,26.0,70.0,33.0,13.029838206126112,21.494459803816245,10.286000000000001,1.0357972603377021,50.88279513968021,49.12428048235119,9.821644045592972,39.026046998456806,58.17780839212593,30.454432307622408,331.339906558071
TZA,2026Q2,ADM2,mobile,Makambako Township Authority,174149.95254751333,45283.302043914795,26.00247739462355,1.1986875994941066,29.0,102.0,43.0,15.404286809660082,26.16708130386436,18.933,3.23999433276186,79.65298170970618,24.584296615669633,10.591657529930751,43.0,67.22816922700086,24.895999882216667,197.1876526000168
TZA,2026Q2,ADM2,mobile,Makete,115584.3280221206,9096.91318666959,7.870369056372952,0.19131509592854942,21.0,62.0,26.0,21.48228550542909,33.326974187980994,32.82,7.173882967827787,89.72086356495117,12.506597050344434,21.290824977856136,62.451491794347675,82.94730638552565,42.693568159562446,28.921352478297
TZA,2026Q2,ADM2,mobile,Manyoni,587017.5229066192,52259.885925062,8.902610890778353,0.08055702267559066,63.0,176.0,84.0,63.98640561603303,52.98210815051534,66.996,4.648117671366919,90.87001163073847,19.549851801410057,32.8437202056164,39.0,84.64926124033897,72.20611941254094,20.289300965711572
TZA,2026Q2,ADM2,mobile,Masasi,343895.5122668149,13684.16133570671,3.9791625210536954,0.1712369383427369,19.0,31.0,20.0,10.130415440860556,19.318768350173517,9.136,2.363840619499455,59.69104558587696,25.251721750393045,4.35501361414142,61.256282204519366,53.376959637426936,21.348935819851224,85.87724295544135
TZA,2026Q2,ADM2,mobile,Masasi  Township Authority,153839.3954793083,45893.523376464844,29.832100700524148,1.149127619187786,24.0,85.0,35.0,14.87998196901116,19.846915995476788,12.408000000000001,3.4028513451839792,40.106499520477485,11.786145044872384,6.377275778820862,45.7250507311835,76.77058235358648,21.44257088525224,204.08256797394262
TZA,2026Q2,ADM2,mobile,Maswa,473674.9441798262,18805.810707092285,3.970193259779609,0.1626906396617935,16.0,31.0,18.0,18.518097400453733,37.64885324527435,20.076,1.4624824260900777,137.50873145593633,94.02419407087415,12.336779704331931,43.59569643023761,72.48085620872557,42.972898377018865,129.20222530528326
TZA,2026Q2,ADM2,mobile,Mbarali,509071.07785473514,26856.562675476074,5.275601746744621,0.04808018272730397,19.0,33.0,19.0,21.116974703656233,20.51115082778007,14.961,11.308864246289872,26.939627919679765,2.382169184541933,7.740142913645928,39.0623088124137,89.58316036866957,15.476148688458125,35.255648523409505
TZA,2026Q2,ADM2,mobile,Mbeya,409758.5809714827,40026.27439117432,9.768257761991801,0.2724626993937454,21.0,48.0,26.0,15.305190860182076,21.002004278432015,15.531,3.6001473835359694,50.45279491088604,14.014091517923536,13.711474548496053,53.51895657095318,56.30704004086519,11.779998373393381,145.69482706949213
TZA,2026Q2,ADM2,mobile,Mbeya Urban,596093.6244316563,284000.2141723633,47.64355841637166,12.856228673296112,89.0,382.0,175.0,15.451684202741706,31.257110651170034,16.744,2.7458666967866936,71.28842892017273,25.9620865803853,9.715112048909628,46.0,65.21619073490514,36.12578185180564,2359.3779784731687
TZA,2026Q2,ADM2,mobile,Mbinga,488845.3123772522,20483.576167225838,4.190195885813922,0.21598348418710397,29.0,104.0,37.0,35.895591587102395,32.074949627426584,33.843,4.905869740329017,53.94889291782763,10.996805005713318,25.878937332804824,45.0,77.15479064570016,66.00735403459113,100.99356457564991
TZA,2026Q2,ADM2,mobile,Mbogwe,447688.64385225234,34368.60473155975,7.67689893489954,0.44103112839784464,27.0,104.0,42.0,14.387777514534077,17.466004624996057,15.953,8.076734123361753,41.63763503414008,5.155256369490269,15.422511044964258,48.824481641839235,61.550795269130774,13.357210125990825,196.3018788346683
TZA,2026Q2,ADM2,mobile,Mbozi,547832.9899426411,18847.603118896484,3.4403921386460965,0.15120611980084167,16.0,32.0,21.0,18.20858058420419,22.11863710608355,9.0275,3.0458378706020985,62.534653595034,20.531182634048808,6.575358389919951,45.79392931460394,59.58083635077086,29.29157415257545,141.98946751288713
TZA,2026Q2,ADM2,mobile,Mbulu,406196.62190607004,16302.503855705261,4.013451362349118,0.35260567548331073,36.0,100.0,51.0,19.572334215819065,23.420847866155054,18.377000000000002,4.425160480024751,34.39540156741125,7.772690216021018,5.351853682228532,32.6649847302386,85.7960027421666,22.566300501072277,106.91314569015042
TZA,2026Q2,ADM2,mobile,Meatu,405296.30103204906,8371.614501953125,2.0655541342557515,0.01652335219031322,4.0,18.0,6.0,47.44898657876868,46.332543387454486,43.483000000000004,39.6295371115462,49.43762106185583,1.2474942849496975,18.85608803441717,34.81091647578674,99.9896317894443,99.9896317894443,44.946384207516616
TZA,2026Q2,ADM2,mobile,Meru,362223.85558397404,79839.85375213623,22.041578024566917,3.239326781368753,110.0,339.0,151.0,31.136554429693938,53.44946631854454,38.855999999999995,5.857959426379182,152.8973780344313,26.100791573583418,16.22126189527457,29.0,83.47318481301903,63.781996845662405,286.24372684402636
TZA,2026Q2,ADM2,mobile,Micheweni,130108.38594872144,19022.5362701416,14.620530514949897,2.5716807607368,16.0,33.0,16.0,16.726499673559765,27.29594436493682,11.0305,2.1368163285123005,81.65148045609746,38.211744906004654,10.518177358425413,52.73683177802066,68.77538174599916,29.24230840803188,563.5228397544175
TZA,2026Q2,ADM2,mobile,Missenyi,266401.7067292992,16543.693588256836,6.21005540518834,0.264598877273396,20.0,53.0,24.0,24.660090521251803,31.15328921957387,24.343,3.065318577553871,66.57446676094305,21.718612625924703,4.352291303895114,44.078129446347766,61.70325377281585,48.77503665458401,94.29144021254443
TZA,2026Q2,ADM2,mobile,Misungwi,523711.36853170185,38362.11455535889,7.325049036631083,0.62216079167152,43.0,71.0,50.0,19.973000074136966,22.513153052304236,16.598,2.306509829381187,44.13002841156034,19.132816105708933,12.934833910181885,37.0,69.00530043085583,43.441382592924086,203.11676461132532
TZA,2026Q2,ADM2,mobile,Mjini,199096.15307617188,179272.34448242188,90.04309812748333,71.73221360742582,30.0,210.0,152.0,64.3871199980453,73.49352622581222,74.19149999999999,10.46307149363984,136.43955114875362,13.040105023815501,17.93090524056821,28.962576469582785,89.6793744652594,79.00017274340289,12879.842062144033
TZA,2026Q2,ADM2,mobile,Mkalama,281798.24292853614,15371.64934849741,5.454842155419561,0.41697652158996396,35.0,95.0,42.0,51.12604095361171,55.986411748806496,51.866,15.362780985050522,106.61041068519893,6.939525518780826,33.2339452211909,28.0,99.58650123212594,73.46623204681696,90.28050009954497
TZA,2026Q2,ADM2,mobile,Mkinga,154754.19136826976,10753.846996307373,6.948985937780748,0.30122757980937126,22.0,43.0,26.0,52.82925593202034,57.377659584303885,34.247,3.841906348898712,118.61329245894761,30.87355122358677,21.441028786390596,26.0,81.88180041641188,68.72837547863622,57.07075298081621
TZA,2026Q2,ADM2,mobile,Mkoani,141153.26407445967,31516.278268814087,22.327700656067687,2.614507228442005,18.0,40.0,24.0,18.174896378517396,41.59834315874072,20.529,3.8396376326558017,120.88273200322308,31.482849051984857,17.724635712598875,32.05701936140839,64.76671375799425,47.416599902241884,553.1468804611472
TZA,2026Q2,ADM2,mobile,Mkuranga,698102.0629773441,156283.7559814453,22.386949454770093,0.9634847861171432,74.0,210.0,93.0,10.942505292566642,34.13170065739434,10.6705,2.37717214345912,64.20696807393664,27.009810059656203,7.296437063387793,22.0,54.11039228417799,29.9648367403061,246.81567231237602
TZA,2026Q2,ADM2,mobile,Mlele,659163.5801509557,46695.94814300537,7.08412138490896,0.08964871892133613,72.0,214.0,86.0,22.74740720791396,35.732659654132576,27.0685,9.589600630777388,78.38907518980885,8.174383710852636,6.744902682691089,59.0,86.90880994209896,47.88427978985024,22.249819958165652
TZA,2026Q2,ADM2,mobile,Momba,293087.9739716574,15077.755411148071,5.144446975025369,0.04645151581828789,6.0,7.0,7.0,11.555130367205276,12.477666797225266,15.9925,1.057,28.376,26.84578997161779,7.099973467696503,48.38258027615905,36.1645126085063,36.1645126085063,62.25200194946445
TZA,2026Q2,ADM2,mobile,Monduli,254692.92198955515,21520.24900430441,8.449488441295179,0.17082235695295228,32.0,79.0,39.0,45.18103908672235,41.16029410798272,29.7235,1.604577669301832,74.18799473970982,46.23521575742093,13.635275110898274,30.0301165302574,83.91939317628074,69.66524296132238,36.48259412676041
TZA,2026Q2,ADM2,mobile,Morogoro,432217.5458423697,29760.757582187653,6.885596817728783,0.13896715677722096,47.0,90.0,52.0,10.589105975584285,23.59609788968013,10.604,2.18226128070503,92.21286394115555,42.25564773406237,7.236760578279776,40.61681123904547,52.84405319919462,27.06264612596862,34.69262550331349
TZA,2026Q2,ADM2,mobile,Morogoro Urban,543807.3843040522,373790.3746948242,68.73580342664701,18.69595467207727,146.0,540.0,258.0,13.582220295528078,33.096231135996526,10.9725,2.7220564440237305,66.62183429297937,24.474817353346026,8.84805761113183,27.0,58.8772499853195,27.480457540794323,1888.794508852109
TZA,2026Q2,ADM2,mobile,Moshi,566023.1069068613,80052.6575922966,14.14300169294488,1.965784658946884,71.0,212.0,91.0,20.03054884837774,30.832965286402622,15.7,2.3418735755114923,71.50427440628103,30.53293531896301,9.204944958683624,48.0,59.24006930489948,48.02968954952477,420.54706172520787
TZA,2026Q2,ADM2,mobile,Moshi Urban,241235.9670419693,174354.2088623047,72.27537875062022,49.531456504867265,84.0,499.0,183.0,46.685836150613824,65.95399193497565,44.957,5.7923283632322065,164.54489385707075,28.407383618226405,20.58233199908247,33.0,80.74747851850393,63.41337377920608,3817.133175063623
TZA,2026Q2,ADM2,mobile,Mpanda,463069.47773967,12475.069194793701,2.693995133448847,0.04576642846904394,21.0,37.0,26.0,38.2253821774742,39.28311015575605,35.595,7.563381181449276,68.3504510383809,9.037023177679346,18.516472154660068,49.64180110071629,86.04281651398095,66.42290670727235,27.332105834512397
TZA,2026Q2,ADM2,mobile,Mpanda Urban,317132.3084450662,107210.41842651367,33.80621134194049,3.9432541538438266,34.0,107.0,44.0,18.051610845957303,21.56860888375569,19.613,1.2386860842155987,44.04635487256773,35.55893251231623,7.467623339809933,63.84912979611161,67.88261475812574,35.66752853016855,995.8547990008952
TZA,2026Q2,ADM2,mobile,Mpwapwa,447687.0616395367,18783.843970298767,4.195753145402026,0.08417629802383728,17.0,45.0,21.0,22.45853032581821,46.19845222881033,30.178,12.890921513440597,101.331,7.860648278274613,12.079673969092246,33.0,90.53098775075155,46.72577751544578,60.04881733414483
TZA,2026Q2,ADM2,mobile,Mtwara,308691.22146399145,5178.134292602539,1.6774478613433987,0.03919186828931193,4.0,7.0,4.0,13.430061929992164,15.151697275485981,19.436500000000002,1.895,34.14442144011519,18.018164348345746,2.0962071358898413,54.0,69.69672475758213,39.769057056251214,83.61266787742441
TZA,2026Q2,ADM2,mobile,Mtwara Urban,162512.8677161932,40578.03381729126,24.969120530292606,3.4131533809331063,16.0,26.0,19.0,25.071965961483496,55.931285641047346,20.194499999999998,3.784657679788259,107.25846881078645,28.340335609107786,8.61365333392134,28.784083969761372,70.42211591611083,48.50403082957884,957.6802588313259
TZA,2026Q2,ADM2,mobile,Mufindi,346160.33314162417,4649.352180600166,1.3431210151678419,0.03889010442416227,8.0,10.0,8.0,36.19379595565961,55.16059510333538,30.273500000000002,5.650751388329569,118.78098929399762,21.0203884636147,24.714363063433503,36.72689604749092,82.4397289975128,60.14472526532203,46.065313857144076
TZA,2026Q2,ADM2,mobile,Muheza,255002.31429433587,54209.63160872461,21.258486127366382,1.3863277814699153,56.0,248.0,77.0,57.8137173291925,53.3721344368373,59.159499999999994,4.284830012727564,95.06253740132294,22.185836338653175,19.995433611240962,25.0,82.18359804165411,76.40447034147027,170.22122812244095
TZA,2026Q2,ADM2,mobile,Muleba,677146.0629039978,28061.99833190441,4.144157349384588,0.22408412153748095,21.0,43.0,27.0,22.075279833206693,26.131451776020953,22.072,5.172973883984983,45.20591047187131,8.73886307677376,4.905398980658338,44.524599248244556,87.36888872130592,39.98784543625756,193.4467665228872
TZA,2026Q2,ADM2,mobile,Musoma,224094.2846065509,4312.877565383911,1.9245816879962647,0.24427973506292533,7.0,16.0,9.0,14.004896421992292,16.117277182242105,17.188,5.937764943017715,31.698055549013787,5.338381672768621,6.574167118701612,24.853696795022437,59.10272625379916,11.278872863451115,209.34733673709457
TZA,2026Q2,ADM2,mobile,Musoma Urban,157547.65823364258,43886.42468261719,27.855967632050607,9.232724398270708,16.0,38.0,24.0,33.7068397975978,30.686745494653966,34.171499999999995,5.886738772226985,50.129204050791174,8.515615519971005,10.62776225547634,43.651522156050305,79.04984857874732,53.94516543723877,2432.970527203959
TZA,2026Q2,ADM2,mobile,Mvomero,469126.3655635862,59242.43325984478,12.628246376362524,0.27254945985782825,49.0,100.0,66.0,14.03707131986302,40.406262686225546,7.837,1.7820064032904122,145.1321123901231,81.4430925288157,10.998351902021454,24.0,51.94325159381287,34.99781357944851,70.7287411998576
TZA,2026Q2,ADM2,mobile,Mwanga,156933.27397492563,9718.71841430664,6.192898528236575,0.22726743593123444,12.0,23.0,13.0,36.296859464750625,28.91734386614312,36.775000000000006,2.849323215627583,50.12675628826213,17.59251320219962,11.34601377338608,27.27867169579433,57.91735469146311,53.78731746719748,79.81546038420217
TZA,2026Q2,ADM2,mobile,Nachingwea,257832.08717207963,10088.00560092926,3.912626124845519,0.0424050521601007,7.0,17.0,8.0,67.95072828855353,86.80675004890578,38.544,34.46987262587653,149.476,4.336424495163013,11.52074934897065,26.830929959748495,96.31676268631014,93.83953187509431,43.159187146250524
TZA,2026Q2,ADM2,mobile,Namtumbo,303027.1515233622,12082.961046516895,3.987418614396125,0.026556673181675046,16.0,37.0,18.0,54.663337023909264,51.640689556505585,54.074,30.972393428402782,67.7737098006841,2.1881973686454987,26.291867429510535,41.84895515157912,100.0,99.72665435478854,13.922874404969095
TZA,2026Q2,ADM2,mobile,Nanyumbu,227167.76179290743,2232.20458984375,0.9826238424969345,0.04152767980251422,6.0,9.0,7.0,14.188569114875907,21.62649458801491,14.352,1.0461571434130637,64.58096531055898,61.73161051107969,6.289412236072637,40.73073933773986,75.65340595267912,24.534288661079216,43.6540962651099
TZA,2026Q2,ADM2,mobile,Newala,256889.1656003862,14359.443420410156,5.589742715248467,0.33260927911686805,18.0,31.0,20.0,31.448661891853895,42.90691645091114,9.7,1.9830913124474387,98.70324918122768,49.77241772060044,15.043859036066355,38.75344503148793,58.115420347413085,57.32504224457479,131.54018868521655
TZA,2026Q2,ADM2,mobile,Ngara,414610.2851885566,26203.63564300537,6.320064064761074,0.4064869186462646,36.0,92.0,47.0,24.933658979554483,26.22412427076969,22.167499999999997,12.67133542038136,43.62988718828193,3.4431956649261224,8.027142305061112,47.15275071349474,94.95652735209703,48.59763386295046,125.47237402810617
TZA,2026Q2,ADM2,mobile,Ngorongoro,322288.29670256877,9214.994279265404,2.859239498780086,0.05394079244776247,23.0,45.0,23.0,71.6579039325465,53.72818113159689,33.638,2.2375995847541814,77.46117891042901,34.61798055300353,7.685739121473708,27.71107357939462,87.53486905756208,86.04327620247534,20.258949348352438
TZA,2026Q2,ADM2,mobile,Njombe,120325.76832854317,5230.370674133301,4.3468417004843465,0.1899499871858465,18.0,41.0,29.0,28.29376686187622,50.78484839132087,28.229,9.80429719560074,124.77624496754514,12.726689376932919,31.00581080128274,41.74278646083135,89.76445767903908,70.50878452673562,34.83874277119713
TZA,2026Q2,ADM2,mobile,Njombe Urban,200953.55043647406,42286.6530213356,21.04299870765576,0.6278051743736665,61.0,241.0,104.0,38.21602850502206,47.456419121872635,40.713,7.194560399396011,91.2570513422271,12.684173358234396,24.201822207785355,47.0,88.3229085003199,71.63651611617125,56.82422623390883
TZA,2026Q2,ADM2,mobile,Nkasi,481847.7864988593,1340.6921727657318,0.27823976997119726,0.011233159994207929,3.0,7.0,3.0,11.851386627752648,11.86254800525805,12.508,4.053699216841729,40.45571390348855,9.97994960637655,4.403099381986497,105.67994615787353,93.2213478066691,0.04215879321245028,49.04500346209906
TZA,2026Q2,ADM2,mobile,Nyamagana,712538.7504310608,410096.7889404297,57.55431388009924,26.112221717485983,128.0,452.0,244.0,14.80459730756968,23.63218439997955,15.0875,2.796632594365432,50.266825669331595,17.97405414304604,13.496747125448222,38.0,65.80621003172337,27.692166578679306,3895.257176950586
TZA,2026Q2,ADM2,mobile,Nyang'hwale,264423.43005585746,4151.692695617676,1.5700925953273739,0.13926540642964297,6.0,61.0,7.0,10.395472593283712,12.204024429051135,14.3965,5.4354919446190095,21.951083615630484,4.038472292717031,2.3257623557217104,52.2445247196572,72.5956554457047,2.1983303712264606,164.6606522569563
TZA,2026Q2,ADM2,mobile,Nyasa,209394.27708154058,5623.855168998241,2.6857731010519674,0.16446168960700114,14.0,29.0,16.0,4.036576001446101,15.522919856166538,17.1965,1.5178522808955726,46.64231093120205,30.729150338451817,2.5120913517080194,49.95681413333847,43.96809423310469,20.31689976435953,68.42113556737247
TZA,2026Q2,ADM2,mobile,Nzega,771794.8781834529,26538.510986328125,3.43854458438373,0.09454747252608484,20.0,70.0,31.0,22.287200401549867,24.935722566336356,24.380000000000003,5.408108015348415,61.757236643919974,11.419379285445224,14.124884744781916,42.0,68.97877755702183,45.00314086505753,98.13065589699173
TZA,2026Q2,ADM2,mobile,Pangani,75587.17819206465,17858.856422424316,23.626833081459296,0.3994058902184401,19.0,44.0,20.0,28.623178026262785,35.06782808380952,26.82,5.744299559772162,71.04285517993932,12.36754010488219,9.42416206495242,32.09400243165855,85.7105338587363,78.63204795277787,42.8853307534895
TZA,2026Q2,ADM2,mobile,Rombo,280259.0093323737,22566.124207496643,8.05188181505855,0.736020832861056,29.0,67.0,30.0,30.25080465163383,30.360963004998272,18.71,2.4467534218995226,56.05734427917096,22.910908707609437,8.36927093194804,32.985212283235015,70.06111547646489,52.30858865752895,190.79583859166377
TZA,2026Q2,ADM2,mobile,Rorya,382873.01816615893,7147.424591064453,1.8667872249912945,0.26111428448742746,14.0,33.0,15.0,12.03143895534605,32.79653360628811,15.8035,7.501,96.65211359156213,12.88523044814853,11.07906895673748,53.874432152443646,78.82636793877329,28.08998179040986,191.06500590676876
TZA,2026Q2,ADM2,mobile,Ruangwa,201035.60079449386,15327.439083099365,7.624241190378837,0.23062886715292916,16.0,41.0,17.0,28.913361757800722,20.88925702998134,22.7,0.462,34.89605402309377,75.53258446557092,10.059530669844595,51.0,65.69192591352558,56.59244436551035,79.94987493541456
TZA,2026Q2,ADM2,mobile,Rufiji,401297.043444842,26101.222660064697,6.504215041308246,0.03167741658560278,11.0,13.0,12.0,1.177539006748476,7.632898919638941,4.922,0.7223356909466984,20.851739473166276,28.867103944203333,8.490325162213171,41.109731872283184,20.331801402554138,3.1316317081562968,31.495401203327773
TZA,2026Q2,ADM2,mobile,Rungwe,391195.02619507146,26725.612022399902,6.831787275606371,0.4396542084078186,26.0,59.0,31.0,18.233162644622208,36.486428641382204,21.092,4.994748592918739,93.17088536509975,18.653768779712347,18.386479425455935,70.33064343498576,81.04420584379118,38.10731332760936,181.59206267660838
TZA,2026Q2,ADM2,mobile,Same,315132.8715632517,24334.835639953613,7.722087359290051,0.12555238168805258,21.0,56.0,25.0,12.972816663911837,20.437338561135327,11.867,4.218781487662717,53.63657206679396,12.713759227314144,6.728543036161513,33.61189155541681,73.19895632049706,14.954582597337247,50.66138725686046
TZA,2026Q2,ADM2,mobile,Sengerema,900268.2509781168,41439.55470275879,4.603023005391543,0.24841703401456405,21.0,35.0,23.0,23.826077820886475,29.948504967628192,25.372,2.4869988340680846,70.60418896250889,28.389313253926524,15.395226343367947,41.0,71.0050732163579,47.444480826876415,285.4152181497973
TZA,2026Q2,ADM2,mobile,Serengeti,384937.13605467096,7453.311115920544,1.9362411203843897,0.046856630096062855,14.0,20.0,14.0,23.7277997384346,30.158437983232826,24.240000000000002,5.1483759062120775,72.57365012665436,14.096416316276814,9.00760863658359,44.46743517391281,73.49996167193062,38.88509725983826,34.498129039146264
TZA,2026Q2,ADM2,mobile,Shinyanga,518540.0338731994,11598.705291748047,2.2368003498422886,0.16699369299046266,16.0,33.0,17.0,39.610336034695955,56.441863247376205,24.4575,3.4560113889310946,123.585,35.75943076918605,10.208239919625134,38.0,82.96608862070474,70.30540994319742,145.26858783014578
TZA,2026Q2,ADM2,mobile,Shinyanga Urban,241548.4996572733,68634.28094482422,28.414285761330568,2.687203053500859,40.0,76.0,50.0,22.070627771451704,31.60902987952132,19.0705,1.3068157057376997,89.72946526810289,68.66267743350272,14.13145573124769,41.84684841015412,78.8154134177296,39.69939658528169,435.74123045766277
TZA,2026Q2,ADM2,mobile,Siha,145846.69223922567,13583.884428024292,9.31381042618592,0.7345343473114664,24.0,81.0,29.0,29.075565597296865,40.3411322256928,45.894999999999996,7.528730416826535,91.2011772556042,12.113752546082896,6.337255706660901,39.45523887974548,89.09131217057323,62.21799544952009,119.74681693751023
TZA,2026Q2,ADM2,mobile,Sikonge,412412.0220881197,6880.178750246763,1.6682779312327325,0.01548833025754112,11.0,14.0,12.0,10.483009538077596,23.191616478935625,50.361,7.166,63.26303364939753,8.828221273987932,3.827237218304737,45.06395164750117,48.66098407215889,12.482104694973625,15.693080103403556
TZA,2026Q2,ADM2,mobile,Simanjiro,350160.7768434963,38208.52039337158,10.911707684053033,0.04133258431689319,22.0,58.0,27.0,36.50634264561747,41.40548524596081,28.755499999999998,3.2792425892677497,73.7711873997391,22.496410494660022,21.803629321892366,27.0,87.23676612377555,77.51375053687504,17.669936489231684
TZA,2026Q2,ADM2,mobile,Singida,313836.36460617755,14693.675453186035,4.681954390984813,0.5263635486527053,34.0,83.0,42.0,65.94663676455576,64.68007169307118,77.274,28.763321553789723,117.1913207467769,4.074331976146069,48.30614931854298,26.0,100.0,91.07718312974592,130.79493255286226
TZA,2026Q2,ADM2,mobile,Singida Urban,272333.515196003,81089.49286651611,29.775803689881737,2.267561886773688,44.0,103.0,73.0,21.493513465293784,27.7468913451846,22.0245,5.9975450561019645,45.91252491583727,7.655219675111134,16.084345587501016,43.0,70.18093897070663,44.10184808660696,378.0100409391428
TZA,2026Q2,ADM2,mobile,Songea,268054.720010656,8215.565841735197,3.064883857075378,0.0437877294499631,17.0,38.0,19.0,8.427572600476529,22.59128726157019,20.444,0.9425301065413612,72.40584909969637,76.82072816261703,16.00449805904944,50.97003211244916,44.40786114146314,29.332294056562947,19.085241819522334
TZA,2026Q2,ADM2,mobile,Songea Urban,317794.361430645,70678.32816314697,22.24027130153211,1.9337356395471745,31.0,67.0,46.0,26.47361697389197,38.2979090651296,27.56,5.073019992927823,69.66004821966524,13.731475199541233,13.621399965121256,41.80788663666265,73.94912657616898,53.69705213026796,548.9519235763462
TZA,2026Q2,ADM2,mobile,Songwe,275988.9718002508,20567.18047428131,7.452174751811087,0.08194367288392794,25.0,53.0,27.0,10.875992313815127,19.39375537827533,4.576,1.6449588989685102,55.22220500056404,33.57056825869129,3.589377042650569,55.68376824728093,56.74931613352161,17.059120501429234,24.721501449129196
TZA,2026Q2,ADM2,mobile,Sumbawanga,585442.6496466845,21047.77569580078,3.5951900170756512,0.049763320421399845,7.0,9.0,8.0,25.569924090887362,52.316182432196605,33.568,0.958,155.832,162.66388308977037,20.806939672312105,51.57268861118905,74.86940554293801,52.041169224334624,113.63235047371717
TZA,2026Q2,ADM2,mobile,Sumbawanga Urban,344808.0205939894,91453.6484375,26.52306297282639,0.7746266556757342,29.0,113.0,43.0,47.412054206665644,52.84768393993433,44.257,8.255354247089933,99.03661837961157,11.996652768053247,16.118235762391734,49.0,87.4780994974657,64.97249593949871,251.1360534029101
TZA,2026Q2,ADM2,mobile,Tabora Urban,347005.98383285437,91550.17177963257,26.38287984789634,1.0670571679068075,42.0,121.0,65.0,26.748038727276377,32.783562168182385,26.2695,3.644744236615177,68.03835283594847,18.667524637924867,6.479865543140621,52.57934262020439,74.34877066247164,59.27267441993983,237.59370600225913
TZA,2026Q2,ADM2,mobile,Tandahimba,328889.65611557366,6265.284423828125,1.9049806849585045,0.05286940919949273,3.0,3.0,3.0,35.94092287205696,39.5691190866243,37.503,3.5781087622587435,99.02548422555293,27.675370092171644,11.795569235081567,27.290299468671037,85.63883908122344,85.63883908122344,160.62458694409756
TZA,2026Q2,ADM2,mobile,Tanga Urban,428226.10998775804,220098.52375221252,51.39773559312033,4.604192644820817,74.0,318.0,124.0,58.891796314385125,70.7443852246846,40.68,7.1060808358615795,155.4873198838808,21.88088251110201,20.645024492635255,24.0,86.32884546370217,74.48973063145917,718.205647406479
TZA,2026Q2,ADM2,mobile,Tarime,625929.6185227373,63059.172439575195,10.074482908861507,0.7306915339098421,30.0,70.0,40.0,20.15916003626068,28.17546957382854,19.3575,8.221116300861546,71.25362890084271,8.66714765893478,19.44360002585034,43.0,86.33348919191522,42.957144072293104,407.9468244235955
TZA,2026Q2,ADM2,mobile,Temeke,1844157.5426870887,1374969.7171096802,74.55814838390849,15.791852961929697,312.0,1463.0,620.0,18.258817147908346,39.544126884068454,18.8825,3.820795159717765,102.07267342464603,26.715034216120067,9.954701198870596,19.0,69.78655729301119,35.842307585971795,2532.722718270491
TZA,2026Q2,ADM2,mobile,Tunduma,249414.47940421104,63745.11639404297,25.55790527731756,5.009442696066132,12.0,52.0,22.0,32.50001196838186,50.28204972024701,32.6605,4.799883414246288,114.92550660017478,23.9433954289536,13.148324174102509,50.15637473838658,84.72175494834305,59.756991711516235,2859.0486987954205
TZA,2026Q2,ADM2,mobile,Tunduru,445956.8229846662,27080.63010907173,6.0724780322517615,0.041070721586929496,21.0,46.0,24.0,57.50348339186373,65.82852380447414,60.098,22.051147261611373,113.6446646586728,5.153684899493446,33.286494006433514,41.99358134129446,100.0,82.45752977700438,24.219406927138255
TZA,2026Q2,ADM2,mobile,Ukerewe,390710.6288545132,17178.997764587402,4.3968595927254,0.5934998200350579,10.0,38.0,13.0,19.252986355460077,24.681222533838646,17.6975,9.491498305945711,51.48326081504288,5.4241447615064615,8.491313242927005,45.55780398059696,84.9525923081718,43.00877272234467,620.9461365609646
TZA,2026Q2,ADM2,mobile,Ulanga,552554.095188645,32235.463356018066,5.833901809199823,0.05292985548879528,34.0,120.0,51.0,18.848316805721996,20.301292861380063,14.118,4.131207321080346,46.06675379750269,11.150917932014083,5.114659087386445,37.3976185111821,65.63274918472192,22.33781042293008,23.54950223406535
TZA,2026Q2,ADM2,mobile,Urambo,294336.2062617929,7617.254135131836,2.587943301938459,0.04795122459290629,7.0,9.0,7.0,6.9809457066544685,8.197763048030387,6.931,5.562318368933518,14.373915009669748,2.5841589884445444,8.832771476952685,51.65446733255809,15.15008060816904,0.0,54.35437403237296
TZA,2026Q2,ADM2,mobile,Uvinza,490515.93192710687,14800.552169799805,3.017343822381541,0.03689270173134494,10.0,60.0,11.0,19.736684092150078,21.912686233322162,19.943,17.859097765673923,28.07204022247786,1.571862173039543,20.940811037170445,49.0,95.25188752513259,5.5990965267769806,48.7798224302397
TZA,2026Q2,ADM2,mobile,Uyui,629569.6673284672,5541.980622291565,0.8802807552353267,0.04959246135335543,16.0,23.0,16.0,12.486038253845688,14.420083387961911,21.085,6.145,28.2112207125974,4.590922817347014,10.392092595854535,48.28932156950609,75.12965886518673,12.461442820745644,52.607777173184445
TZA,2026Q2,ADM2,mobile,Wanging'ombe,205781.49803696125,10108.966539502144,4.9124759203018495,0.3288518174459229,31.0,121.0,45.0,36.21477793219548,43.683089520863604,41.615,17.80234297208059,74.1701548274144,4.166314228623469,23.43747266584848,45.0,95.53548773868118,78.71731350627536,59.85908823050395
TZA,2026Q2,ADM2,mobile,Wete,154787.72279024197,51486.28617858887,33.262512846939195,1.8886860570678035,15.0,40.0,15.0,2.9538357168414744,9.115598835911184,7.934,2.2271710440281876,25.739953109248763,11.557241271731886,8.89308329595805,108.80527425623562,24.118505024518438,13.927214619227085,525.3973646934163
